Entity,Code,Year,15.1.1 - Forest area as a proportion of total land area (%) - AG_LND_FRST (%)
Afghanistan,AFG,2000,2.06782
Afghanistan,AFG,2005,2.06782
Afghanistan,AFG,2010,2.06782
Afghanistan,AFG,2015,2.06782
Africa,,2000,22.33551
Africa,,2005,21.78698
Africa,,2010,21.21749
Africa,,2015,20.72245
Albania,ALB,2000,28.07664
Albania,ALB,2005,28.55474
Albania,ALB,2010,28.33212
Albania,ALB,2015,28.15693
Algeria,DZA,2000,0.66296
Algeria,DZA,2005,0.64491
Algeria,DZA,2010,0.80529
Algeria,DZA,2015,0.82125
American Samoa,ASM,2000,90.25
American Samoa,ASM,2005,89.405
American Samoa,ASM,2010,88.56
American Samoa,ASM,2015,87.715
Americas,,2000,42.26014
Americas,,2005,41.67209
Americas,,2010,41.30728
Americas,,2015,41.05598
Andorra,AND,2000,34.04255
Andorra,AND,2005,34.04255
Andorra,AND,2010,34.04255
Andorra,AND,2015,34.04255
Angola,AGO,2000,47.90888
Angola,AGO,2005,47.40836
Angola,AGO,2010,46.90784
Angola,AGO,2015,46.40732
Anguilla,AIA,2000,61.11111
Anguilla,AIA,2005,61.11111
Anguilla,AIA,2010,61.11111
Anguilla,AIA,2015,61.11111
Antigua and Barbuda,ATG,2000,22.72727
Antigua and Barbuda,ATG,2005,22.27273
Antigua and Barbuda,ATG,2010,22.27273
Antigua and Barbuda,ATG,2015,22.27273
Argentina,ARG,2000,11.6418
Argentina,ARG,2005,11.03011
Argentina,ARG,2010,10.44912
Argentina,ARG,2015,9.90686
Armenia,ARM,2000,11.69652
Armenia,ARM,2005,11.6614
Armenia,ARM,2010,11.62627
Armenia,ARM,2015,11.6614
Aruba,ABW,2000,2.33333
Aruba,ABW,2005,2.33333
Aruba,ABW,2010,2.33333
Aruba,ABW,2015,2.33333
Asia,,2000,18.24314
Asia,,2005,18.72527
Asia,,2010,19.0005
Asia,,2015,19.12803
"Asia, Central",,2000,3.04979
"Asia, Central",,2005,3.0666
"Asia, Central",,2010,3.00551
"Asia, Central",,2015,2.98167
Australia,AUS,2000,16.77115
Australia,AUS,2005,16.61495
Australia,AUS,2010,16.0383
Australia,AUS,2015,16.23876
Australia and New Zealand,,2000,17.49025
Australia and New Zealand,,2005,17.34477
Australia and New Zealand,,2010,16.78324
Australia and New Zealand,,2015,16.97717
Austria,AUT,2000,46.50825
Austria,AUT,2005,46.66578
Austria,AUT,2010,46.77484
Austria,AUT,2015,46.8839
Azerbaijan,AZE,2000,10.54644
Azerbaijan,AZE,2005,10.61176
Azerbaijan,AZE,2010,12.19772
Azerbaijan,AZE,2015,13.78368
Bahamas,BHS,2000,51.44855
Bahamas,BHS,2005,51.44855
Bahamas,BHS,2010,51.44855
Bahamas,BHS,2015,51.44855
Bahrain,BHR,2000,0.47686
Bahrain,BHR,2005,0.57584
Bahrain,BHR,2010,0.67609
Bahrain,BHR,2015,0.77635
Bangladesh,BGD,2000,11.27756
Bangladesh,BGD,2005,11.17769
Bangladesh,BGD,2010,11.07782
Bangladesh,BGD,2015,10.97795
Barbados,BRB,2000,14.65116
Barbados,BRB,2005,14.65116
Barbados,BRB,2010,14.65116
Barbados,BRB,2015,14.65116
Belarus,BLR,2000,40.75811
Belarus,BLR,2005,41.56115
Belarus,BLR,2010,42.04397
Belarus,BLR,2015,42.53417
Belgium,BEL,2000,22.03765
Belgium,BEL,2005,22.26552
Belgium,BEL,2010,22.4967
Belgium,BEL,2015,22.56935
Belize,BLZ,2000,63.97637
Belize,BLZ,2005,62.10127
Belize,BLZ,2010,60.99917
Belize,BLZ,2015,59.89917
Benin,BEN,2000,44.88294
Benin,BEN,2005,42.66584
Benin,BEN,2010,40.44874
Benin,BEN,2015,38.23164
Bermuda,BMU,2000,18.51852
Bermuda,BMU,2005,18.51852
Bermuda,BMU,2010,18.51852
Bermuda,BMU,2015,18.51852
Bhutan,BTN,2000,68.3685
Bhutan,BTN,2005,69.67093
Bhutan,BTN,2010,70.97335
Bhutan,BTN,2015,72.27576
Bolivia,BOL,2000,55.47032
Bolivia,BOL,2005,54.21767
Bolivia,BOL,2010,51.88683
Bolivia,BOL,2015,50.55294
Bonaire Sint Eustatius and Saba,BES,2000,5.75155
Bonaire Sint Eustatius and Saba,BES,2005,5.75155
Bonaire Sint Eustatius and Saba,BES,2010,5.75155
Bonaire Sint Eustatius and Saba,BES,2015,5.75155
Bosnia and Herzegovina,BIH,2000,42.67578
Bosnia and Herzegovina,BIH,2005,42.67578
Bosnia and Herzegovina,BIH,2010,42.67578
Bosnia and Herzegovina,BIH,2015,42.67578
Botswana,BWA,2000,22.11812
Botswana,BWA,2005,21.07353
Botswana,BWA,2010,20.02894
Botswana,BWA,2015,19.12727
Brazil,BRA,2000,62.36723
Brazil,BRA,2005,60.6276
Brazil,BRA,2010,59.63743
Brazil,BRA,2015,59.04878
British Virgin Islands,VGB,2000,24.46667
British Virgin Islands,VGB,2005,24.4
British Virgin Islands,VGB,2010,24.26667
British Virgin Islands,VGB,2015,24.13333
Brunei,BRN,2000,75.33207
Brunei,BRN,2005,73.81404
Brunei,BRN,2010,72.10626
Brunei,BRN,2015,72.10626
Bulgaria,BGR,2000,31.0888
Bulgaria,BGR,2005,33.63117
Bulgaria,BGR,2010,34.42336
Bulgaria,BGR,2015,35.21555
Burkina Faso,BFA,2000,22.83626
Burkina Faso,BFA,2005,21.74342
Burkina Faso,BFA,2010,20.64693
Burkina Faso,BFA,2015,19.55409
Burundi,BDI,2000,7.71028
Burundi,BDI,2005,7.04829
Burundi,BDI,2010,9.85202
Burundi,BDI,2015,10.74766
Cambodia,KHM,2000,65.40902
Cambodia,KHM,2005,60.79198
Cambodia,KHM,2010,57.18332
Cambodia,KHM,2015,53.57467
Cameroon,CMR,2000,46.78556
Cameroon,CMR,2005,44.45855
Cameroon,CMR,2010,42.13154
Cameroon,CMR,2015,39.80453
Canada,CAN,2000,38.24728
Canada,CAN,2005,38.22242
Canada,CAN,2010,38.19229
Canada,CAN,2015,38.16667
Cape Verde,CPV,2000,20.36973
Cape Verde,CPV,2005,20.74194
Cape Verde,CPV,2010,21.11414
Cape Verde,CPV,2015,22.30844
Caribbean,,2000,26.44961
Caribbean,,2005,28.36286
Caribbean,,2010,30.17186
Caribbean,,2015,32.18611
Caucasus and Central Asia,,2000,3.88133
Caucasus and Central Asia,,2005,3.90138
Caucasus and Central Asia,,2010,3.88681
Caucasus and Central Asia,,2015,3.89619
Cayman Islands,CYM,2000,52.91667
Cayman Islands,CYM,2005,52.91667
Cayman Islands,CYM,2010,52.91667
Cayman Islands,CYM,2015,52.91667
Central African Republic,CAF,2000,35.96263
Central African Republic,CAF,2005,35.83743
Central African Republic,CAF,2010,35.71222
Central African Republic,CAF,2015,35.58702
Central America,,2000,37.23256
Central America,,2005,36.40526
Central America,,2010,35.68465
Central America,,2015,35.18793
Central and Southern Asia,,2000,9.71542
Central and Southern Asia,,2005,10.0288
Central and Southern Asia,,2010,10.18838
Central and Southern Asia,,2015,10.24523
Chad,TCD,2000,5.02382
Chad,TCD,2005,4.87691
Chad,TCD,2010,4.37421
Chad,TCD,2015,3.87151
Chile,CHL,2000,21.29565
Chile,CHL,2005,21.5754
Chile,CHL,2010,21.82959
Chile,CHL,2015,23.85237
China,CHN,2000,18.78049
China,CHN,2005,20.48276
China,CHN,2010,21.28559
China,CHN,2015,22.10376
Colombia,COL,2000,55.69936
Colombia,COL,2005,54.2599
Colombia,COL,2010,52.84842
Colombia,COL,2015,52.72802
Comoros,COM,2000,24.18055
Comoros,COM,2005,22.56851
Comoros,COM,2010,20.95648
Comoros,COM,2015,19.88178
Congo,COG,2000,66.04978
Congo,COG,2005,65.80088
Congo,COG,2010,65.62518
Congo,COG,2015,65.39971
Cook Islands,COK,2000,62.91667
Cook Islands,COK,2005,62.91667
Cook Islands,COK,2010,62.91667
Cook Islands,COK,2015,62.91667
Costa Rica,CRI,2000,46.53349
Costa Rica,CRI,2005,48.78574
Costa Rica,CRI,2010,51.01841
Costa Rica,CRI,2015,53.97571
Cote d'Ivoire,CIV,2000,16.02028
Cote d'Ivoire,CIV,2005,14.24535
Cote d'Ivoire,CIV,2010,12.47038
Cote d'Ivoire,CIV,2015,10.69544
Croatia,HRV,2000,33.68477
Croatia,HRV,2005,34.00643
Croatia,HRV,2010,34.31022
Croatia,HRV,2015,34.34596
Cuba,CUB,2000,23.40896
Cuba,CUB,2005,25.92771
Cuba,CUB,2010,28.18689
Cuba,CUB,2015,30.76331
Curacao,CUW,2000,0.17342
Curacao,CUW,2005,0.17342
Curacao,CUW,2010,0.17342
Curacao,CUW,2015,0.17342
Cyprus,CYP,2000,18.57251
Cyprus,CYP,2005,18.70682
Cyprus,CYP,2010,18.70574
Cyprus,CYP,2015,18.69048
Czech Republic,CZE,2000,34.15361
Czech Republic,CZE,2005,34.28312
Czech Republic,CZE,2010,34.41264
Czech Republic,CZE,2015,34.54216
Democratic Republic of Congo,COD,2000,69.36283
Democratic Republic of Congo,COD,2005,68.67603
Democratic Republic of Congo,COD,2010,67.98924
Democratic Republic of Congo,COD,2015,67.30244
Denmark,DNK,2000,13.9438
Denmark,DNK,2005,13.28173
Denmark,DNK,2010,13.9819
Denmark,DNK,2015,14.57966
"Developed regions (Europe, Cyprus, Israel, Northern America, Japan, Australia & New Zealand)",,2000,37.00137
"Developed regions (Europe, Cyprus, Israel, Northern America, Japan, Australia & New Zealand)",,2005,37.03692
"Developed regions (Europe, Cyprus, Israel, Northern America, Japan, Australia & New Zealand)",,2010,37.21363
"Developed regions (Europe, Cyprus, Israel, Northern America, Japan, Australia & New Zealand)",,2015,37.30719
Developing regions,,2000,27.53295
Developing regions,,2005,27.22159
Developing regions,,2010,26.89707
Developing regions,,2015,26.62947
Djibouti,DJI,2000,0.24159
Djibouti,DJI,2005,0.24159
Djibouti,DJI,2010,0.24159
Djibouti,DJI,2015,0.24159
Dominica,DMA,2000,63.10667
Dominica,DMA,2005,61.32
Dominica,DMA,2010,59.54667
Dominica,DMA,2015,57.77333
Dominican Republic,DOM,2000,30.75968
Dominican Republic,DOM,2005,34.19582
Dominican Republic,DOM,2010,37.61126
Dominican Republic,DOM,2015,41.0474
Eastern Africa,,2000,32.53415
Eastern Africa,,2005,31.49282
Eastern Africa,,2010,30.37352
Eastern Africa,,2015,29.46282
Eastern Asia,,2000,19.61765
Eastern Asia,,2005,20.91731
Eastern Asia,,2010,21.66656
Eastern Asia,,2015,22.23253
Eastern Asia (excluding Japan),,2000,18.03474
Eastern Asia (excluding Japan),,2005,19.37145
Eastern Asia (excluding Japan),,2010,20.14232
Eastern Asia (excluding Japan),,2015,20.72743
Eastern Europe,,2000,47.23127
Eastern Europe,,2005,47.24886
Eastern Europe,,2010,47.62878
Eastern Europe,,2015,47.66192
Eastern and South-Eastern Asia,,2000,28.1587
Eastern and South-Eastern Asia,,2005,28.86156
Eastern and South-Eastern Asia,,2010,29.24726
Eastern and South-Eastern Asia,,2015,29.41758
Ecuador,ECU,2000,55.27829
Ecuador,ECU,2005,53.69317
Ecuador,ECU,2010,52.10805
Ecuador,ECU,2015,50.52293
Egypt,EGY,2000,0.0593
Egypt,EGY,2005,0.0673
Egypt,EGY,2010,0.0703
Egypt,EGY,2015,0.0733
El Salvador,SLV,2000,16.02317
El Salvador,SLV,2005,14.91313
El Salvador,SLV,2010,13.85135
El Salvador,SLV,2015,12.78958
Equatorial Guinea,GNQ,2000,62.13904
Equatorial Guinea,GNQ,2005,60.0713
Equatorial Guinea,GNQ,2010,57.96791
Equatorial Guinea,GNQ,2015,55.90018
Eritrea,ERI,2000,15.60396
Eritrea,ERI,2005,15.38614
Eritrea,ERI,2010,15.16832
Eritrea,ERI,2015,14.9505
Estonia,EST,2000,51.5988
Estonia,EST,2005,51.80584
Estonia,EST,2010,51.39176
Estonia,EST,2015,51.34576
Ethiopia,ETH,2000,13.705
Ethiopia,ETH,2005,13
Ethiopia,ETH,2010,12.296
Ethiopia,ETH,2015,12.499
Europe,,2000,45.28064
Europe,,2005,45.36401
Europe,,2010,45.7898
Europe,,2015,45.87611
Europe and Northern America,,2000,40.54342
Europe and Northern America,,2005,40.61306
Europe and Northern America,,2010,40.93458
Europe and Northern America,,2015,41.00942
"Europe, Western",,2000,30.22622
"Europe, Western",,2005,30.8252
"Europe, Western",,2010,31.40583
"Europe, Western",,2015,31.96638
Faeroe Islands,FRO,2000,0.0595
Faeroe Islands,FRO,2005,0.0595
Faeroe Islands,FRO,2010,0.0595
Faeroe Islands,FRO,2015,0.0595
Falkland Islands,FLK,2000,0
Falkland Islands,FLK,2005,0
Falkland Islands,FLK,2010,0
Falkland Islands,FLK,2015,0
Federated States of Micronesia,,2000,91.22286
Federated States of Micronesia,,2005,91.41857
Federated States of Micronesia,,2010,91.61286
Federated States of Micronesia,,2015,91.80714
Fiji,FJI,2000,53.66393
Fiji,FJI,2005,54.58456
Fiji,FJI,2010,54.3457
Fiji,FJI,2015,55.6757
Finland,FIN,2000,73.8541
Finland,FIN,2005,72.86039
Finland,FIN,2010,73.10717
Finland,FIN,2015,73.10717
France,FRA,2000,27.92231
France,FRA,2005,28.96695
France,FRA,2010,29.99516
France,FRA,2015,31.02702
French Guiana,GUF,2000,99.53771
French Guiana,GUF,2005,99.3674
French Guiana,GUF,2010,99.00243
French Guiana,GUF,2015,98.90511
French Polynesia,PYF,2000,28.68852
French Polynesia,PYF,2005,35.51913
French Polynesia,PYF,2010,42.34973
French Polynesia,PYF,2015,42.34973
Gabon,GAB,2000,85.38053
Gabon,GAB,2005,85.38053
Gabon,GAB,2010,85.38053
Gabon,GAB,2015,89.26146
Gambia,GMB,2000,45.55336
Gambia,GMB,2005,46.5415
Gambia,GMB,2010,47.43083
Gambia,GMB,2015,48.22134
Georgia,GEO,2000,39.72658
Georgia,GEO,2005,39.89783
Georgia,GEO,2010,40.61592
Georgia,GEO,2015,40.61592
Germany,DEU,2000,32.5461
Germany,DEU,2005,32.63209
Germany,DEU,2010,32.70376
Germany,DEU,2015,32.73242
Ghana,GHA,2000,39.15356
Ghana,GHA,2005,39.78641
Ghana,GHA,2010,40.41048
Ghana,GHA,2015,41.03454
Gibraltar,GIB,2000,0
Gibraltar,GIB,2005,0
Gibraltar,GIB,2010,0
Gibraltar,GIB,2015,0
Greece,GRC,2000,27.93638
Greece,GRC,2005,29.10784
Greece,GRC,2010,30.27929
Greece,GRC,2015,31.45074
Greenland,GRL,2000,0.000536
Greenland,GRL,2005,0.000536
Greenland,GRL,2010,0.000536
Greenland,GRL,2015,0.000536
Grenada,GRD,2000,49.97059
Grenada,GRD,2005,49.97059
Grenada,GRD,2010,49.97059
Grenada,GRD,2015,49.97059
Guadeloupe,GLP,2000,45.21101
Guadeloupe,GLP,2005,45.10891
Guadeloupe,GLP,2010,44.36634
Guadeloupe,GLP,2015,44.24257
Guam,GUM,2000,46.2963
Guam,GUM,2005,46.2963
Guam,GUM,2010,46.2963
Guam,GUM,2015,46.2963
Guatemala,GTM,2000,39.26838
Guatemala,GTM,2005,36.74879
Guatemala,GTM,2010,34.73311
Guatemala,GTM,2015,33.03471
Guernsey,GGY,2000,2.5641
Guernsey,GGY,2005,2.5641
Guernsey,GGY,2010,2.5641
Guernsey,GGY,2015,2.5641
Guinea,GIN,2000,28.09702
Guinea,GIN,2005,27.36448
Guinea,GIN,2010,26.63194
Guinea,GIN,2015,25.8994
Guinea-Bissau,GNB,2000,75.39118
Guinea-Bissau,GNB,2005,73.68421
Guinea-Bissau,GNB,2010,71.90612
Guinea-Bissau,GNB,2015,70.12802
Guyana,GUY,2000,84.43993
Guyana,GUY,2005,84.33833
Guyana,GUY,2010,84.20625
Guyana,GUY,2015,83.95225
Haiti,HTI,2000,3.95501
Haiti,HTI,2005,3.80987
Haiti,HTI,2010,3.66473
Haiti,HTI,2015,3.51959
Honduras,HND,2000,57.12754
Honduras,HND,2005,51.76513
Honduras,HND,2010,46.40272
Honduras,HND,2015,41.04031
Hungary,HUN,2000,21.1753
Hungary,HUN,2005,21.90434
Hungary,HUN,2010,22.60024
Hungary,HUN,2015,22.8543
Iceland,ISL,2000,0.28728
Iceland,ISL,2005,0.36409
Iceland,ISL,2010,0.42594
Iceland,ISL,2015,0.49077
India,IND,2000,21.99321
India,IND,2005,22.77318
India,IND,2010,23.4731
India,IND,2015,23.77312
Indonesia,IDN,2000,54.8745
Indonesia,IDN,2005,54.01779
Indonesia,IDN,2010,52.12716
Indonesia,IDN,2015,50.23819
Iran,IRN,2000,5.72562
Iran,IRN,2005,6.56449
Iran,IRN,2010,6.56449
Iran,IRN,2015,6.56449
Iraq,IRQ,2000,1.88424
Iraq,IRQ,2005,1.90036
Iraq,IRQ,2010,1.90036
Iraq,IRQ,2015,1.90036
Ireland,IRL,2000,9.21688
Ireland,IRL,2005,10.08615
Ireland,IRL,2010,10.53324
Ireland,IRL,2015,10.94522
Isle of Man,IMN,2000,6.07018
Isle of Man,IMN,2005,6.07018
Isle of Man,IMN,2010,6.07018
Isle of Man,IMN,2015,6.07018
Israel,ISR,2000,7.07024
Israel,ISR,2005,7.16266
Israel,ISR,2010,7.11645
Israel,ISR,2015,7.62477
Italy,ITA,2000,28.45244
Italy,ITA,2005,29.77834
Italy,ITA,2010,30.69287
Italy,ITA,2015,31.6074
Jamaica,JAM,2000,31.47738
Jamaica,JAM,2005,31.32041
Jamaica,JAM,2010,31.1265
Jamaica,JAM,2015,30.95106
Japan,JPN,2000,68.23568
Japan,JPN,2005,68.39752
Japan,JPN,2010,68.48255
Japan,JPN,2015,68.46061
Jersey,JEY,2000,5
Jersey,JEY,2005,5
Jersey,JEY,2010,5
Jersey,JEY,2015,5
Jordan,JOR,2000,1.09822
Jordan,JOR,2005,1.09822
Jordan,JOR,2010,1.09822
Jordan,JOR,2015,1.09822
Kazakhstan,KAZ,2000,1.24643
Kazakhstan,KAZ,2005,1.23606
Kazakhstan,KAZ,2010,1.22569
Kazakhstan,KAZ,2015,1.22569
Kenya,KEN,2000,6.24978
Kenya,KEN,2005,7.11073
Kenya,KEN,2010,7.43227
Kenya,KEN,2015,7.7538
Kiribati,KIR,2000,15
Kiribati,KIR,2005,15
Kiribati,KIR,2010,15
Kiribati,KIR,2015,15
Kuwait,KWT,2000,0.27217
Kuwait,KWT,2005,0.31145
Kuwait,KWT,2010,0.35073
Kuwait,KWT,2015,0.35073
Kyrgyzstan,KGZ,2000,4.47497
Kyrgyzstan,KGZ,2005,4.53233
Kyrgyzstan,KGZ,2010,3.52972
Kyrgyzstan,KGZ,2015,3.32117
Landlocked developing countries,,2000,17.16284
Landlocked developing countries,,2005,16.69514
Landlocked developing countries,,2010,16.25403
Landlocked developing countries,,2015,15.81
Laos,LAO,2000,71.60308
Laos,LAO,2005,73.09233
Laos,LAO,2010,77.19047
Laos,LAO,2015,81.2886
Latin America and the Caribbean	,,2000,49.05626
Latin America and the Caribbean	,,2005,47.87424
Latin America and the Caribbean	,,2010,46.98844
Latin America and the Caribbean	,,2015,46.44773
Latvia,LVA,2000,52.12287
Latvia,LVA,2005,53.02348
Latvia,LVA,2010,53.94017
Latvia,LVA,2015,53.97234
Least Developed Countries (LDCs),,2000,28.85562
Least Developed Countries (LDCs),,2005,28.19837
Least Developed Countries (LDCs),,2010,27.56158
Least Developed Countries (LDCs),,2015,26.95307
Lebanon,LBN,2000,12.80547
Lebanon,LBN,2005,13.34311
Lebanon,LBN,2010,13.38221
Lebanon,LBN,2015,13.42131
Lesotho,LSO,2000,1.3834
Lesotho,LSO,2005,1.41634
Lesotho,LSO,2010,1.44928
Lesotho,LSO,2015,1.61397
Liberia,LBR,2000,48.05855
Liberia,LBR,2005,46.50125
Liberia,LBR,2010,44.94394
Liberia,LBR,2015,43.38663
Libya,LBY,2000,0.12333
Libya,LBY,2005,0.12333
Libya,LBY,2010,0.12333
Libya,LBY,2015,0.12333
Liechtenstein,LIE,2000,43.125
Liechtenstein,LIE,2005,43.125
Liechtenstein,LIE,2010,43.125
Liechtenstein,LIE,2015,43.125
Lithuania,LTU,2000,32.24262
Lithuania,LTU,2005,33.85475
Lithuania,LTU,2010,34.63687
Lithuania,LTU,2015,34.79649
Luxembourg,LUX,2000,35.67901
Luxembourg,LUX,2005,35.67901
Luxembourg,LUX,2010,35.67901
Luxembourg,LUX,2015,35.67901
Macedonia,MKD,2000,37.98573
Macedonia,MKD,2005,38.65979
Macedonia,MKD,2010,39.57177
Macedonia,MKD,2015,39.57177
Madagascar,MDG,2000,22.38398
Madagascar,MDG,2005,22.066
Madagascar,MDG,2010,21.57614
Madagascar,MDG,2015,21.43864
Malawi,MWI,2000,37.83411
Malawi,MWI,2005,36.08401
Malawi,MWI,2010,34.3339
Malawi,MWI,2015,33.3793
Malaysia,MYS,2000,65.71602
Malaysia,MYS,2005,63.58241
Malaysia,MYS,2010,67.3383
Malaysia,MYS,2015,67.55441
Maldives,MDV,2000,3.33333
Maldives,MDV,2005,3.33333
Maldives,MDV,2010,3.33333
Maldives,MDV,2015,3.33333
Mali,MLI,2000,4.83531
Mali,MLI,2005,4.51159
Mali,MLI,2010,4.18787
Mali,MLI,2015,3.86415
Malta,MLT,2000,1.08438
Malta,MLT,2005,1.08438
Malta,MLT,2010,1.08438
Malta,MLT,2015,1.08438
Marshall Islands,MHL,2000,70.2
Marshall Islands,MHL,2005,70.2
Marshall Islands,MHL,2010,70.2
Marshall Islands,MHL,2015,70.2
Martinique,MTQ,2000,45.75472
Martinique,MTQ,2005,45.75472
Martinique,MTQ,2010,45.75472
Martinique,MTQ,2015,45.75472
Mauritania,MRT,2000,0.30756
Mauritania,MRT,2005,0.25905
Mauritania,MRT,2010,0.23479
Mauritania,MRT,2015,0.21781
Mauritius,MUS,2000,20.64039
Mauritius,MUS,2005,18.81773
Mauritius,MUS,2010,18.91626
Mauritius,MUS,2015,19.01478
Mayotte,MYT,2000,23.34225
Mayotte,MYT,2005,20.74866
Mayotte,MYT,2010,18.15508
Mayotte,MYT,2015,15.5615
Melanesia,OWID_MNS,2000,71.99426
Melanesia,OWID_MNS,2005,71.9486
Melanesia,OWID_MNS,2010,71.86294
Melanesia,OWID_MNS,2015,71.82952
Mexico,MEX,2000,34.90625
Mexico,MEX,2005,34.5086
Mexico,MEX,2010,34.20767
Mexico,MEX,2015,33.97207
Micronesia (country),FSM,2000,57.79695
Micronesia (country),FSM,2005,57.80663
Micronesia (country),FSM,2010,57.59222
Micronesia (country),FSM,2015,57.37782
Middle Africa,,2000,48.35874
Middle Africa,,2005,47.79123
Middle Africa,,2010,47.15809
Middle Africa,,2015,46.67677
Moldova,MDA,2000,9.85401
Moldova,MDA,2005,11.04015
Moldova,MDA,2010,11.73966
Moldova,MDA,2015,12.43917
Monaco,MCO,2000,0
Monaco,MCO,2005,0
Monaco,MCO,2010,0
Monaco,MCO,2015,0
Mongolia,MNG,2000,7.54203
Mongolia,MNG,2005,7.27877
Mongolia,MNG,2010,8.39311
Mongolia,MNG,2015,8.08002
Montenegro,MNE,2000,46.54275
Montenegro,MNE,2005,46.54275
Montenegro,MNE,2010,61.48699
Montenegro,MNE,2015,61.48699
Montserrat,MSR,2000,25
Montserrat,MSR,2005,25
Montserrat,MSR,2010,25
Montserrat,MSR,2015,25
Morocco,MAR,2000,11.18754
Morocco,MAR,2005,12.10173
Morocco,MAR,2010,12.70894
Morocco,MAR,2015,12.61931
Mozambique,MOZ,2000,52.37671
Mozambique,MOZ,2005,50.96645
Mozambique,MOZ,2010,49.55874
Mozambique,MOZ,2015,48.24639
Myanmar,MMR,2000,53.39009
Myanmar,MMR,2005,51.02131
Myanmar,MMR,2010,48.65101
Myanmar,MMR,2015,44.46775
Namibia,NAM,2000,9.75598
Namibia,NAM,2005,9.30535
Namibia,NAM,2010,8.85472
Namibia,NAM,2015,8.40409
Nauru,NRU,2000,0
Nauru,NRU,2005,0
Nauru,NRU,2010,0
Nauru,NRU,2015,0
Nepal,NPL,2000,27.20614
Nepal,NPL,2005,25.36449
Nepal,NPL,2010,25.36449
Nepal,NPL,2015,25.36449
Netherlands,NLD,2000,10.68566
Netherlands,NLD,2005,10.83408
Netherlands,NLD,2010,11.07153
Netherlands,NLD,2015,11.16058
New Caledonia,NCL,2000,45.89716
New Caledonia,NCL,2005,45.89716
New Caledonia,NCL,2010,45.89716
New Caledonia,NCL,2015,45.89716
New Zealand,NZL,2000,38.50594
New Zealand,NZL,2005,38.67305
New Zealand,NZL,2010,38.55152
New Zealand,NZL,2015,38.55532
Nicaragua,NIC,2000,31.69353
Nicaragua,NIC,2005,28.78511
Nicaragua,NIC,2010,25.87668
Nicaragua,NIC,2015,25.87668
Niger,NER,2000,1.04839
Niger,NER,2005,0.99945
Niger,NER,2010,0.9505
Niger,NER,2015,0.90156
Nigeria,NGA,2000,14.42406
Nigeria,NGA,2005,12.17541
Nigeria,NGA,2010,9.92677
Nigeria,NGA,2015,7.67812
Niue,NIU,2000,75.38462
Niue,NIU,2005,73.46154
Niue,NIU,2010,71.53846
Niue,NIU,2015,69.61538
Norfolk Island,NFK,2000,11.5
Norfolk Island,NFK,2005,11.5
Norfolk Island,NFK,2010,11.5
Norfolk Island,NFK,2015,11.5
North Korea,PRK,2000,57.57827
North Korea,PRK,2005,52.31293
North Korea,PRK,2010,47.05589
North Korea,PRK,2015,41.78224
Northern Africa,,2000,3.83916
Northern Africa,,2005,3.78566
Northern Africa,,2010,3.76774
Northern Africa,,2015,3.66355
Northern Africa (exc. Sudan),,2000,1.39764
Northern Africa (exc. Sudan),,2005,1.47276
Northern Africa (exc. Sudan),,2010,1.5945
Northern Africa (exc. Sudan),,2015,1.60316
Northern Africa and Western Asia,,2000,3.7922
Northern Africa and Western Asia,,2005,3.80182
Northern Africa and Western Asia,,2010,3.85042
Northern Africa and Western Asia,,2015,3.83784
Northern America,,2000,34.92141
Northern America,,2005,34.97475
Northern America,,2010,35.17253
Northern America,,2015,35.23375
Northern Europe,,2000,43.74176
Northern Europe,,2005,43.74457
Northern Europe,,2010,43.82238
Northern Europe,,2015,43.91933
Northern Mariana Islands,MNP,2000,69.48696
Northern Mariana Islands,MNP,2005,67.7
Northern Mariana Islands,MNP,2010,65.91087
Northern Mariana Islands,MNP,2015,64.12174
Norway,NOR,2000,39.82902
Norway,NOR,2005,39.75997
Norway,NOR,2010,39.79285
Norway,NOR,2015,39.82573
Oceania,,2000,20.93073
Oceania,,2005,20.79454
Oceania,,2010,20.26625
Oceania,,2015,20.44557
Oceania (exc. Australia and New Zealand),,2000,71.47063
Oceania (exc. Australia and New Zealand),,2005,71.47097
Oceania (exc. Australia and New Zealand),,2010,71.43083
Oceania (exc. Australia and New Zealand),,2015,71.39562
Oman,OMN,2000,0.00646
Oman,OMN,2005,0.00646
Oman,OMN,2010,0.00646
Oman,OMN,2015,0.00646
Pakistan,PAK,2000,2.74491
Pakistan,PAK,2005,2.46731
Pakistan,PAK,2010,2.18841
Pakistan,PAK,2015,1.90951
Palau,PLW,2000,86.0587
Palau,PLW,2005,87.61522
Palau,PLW,2010,87.61522
Palau,PLW,2015,87.61522
Palestine,PSE,2000,1.50831
Palestine,PSE,2005,1.52326
Palestine,PSE,2010,1.52326
Palestine,PSE,2015,1.52326
Panama,PAN,2000,65.46946
Panama,PAN,2005,64.32607
Panama,PAN,2010,63.20958
Panama,PAN,2015,62.10654
Papua New Guinea,PNG,2000,74.19512
Papua New Guinea,PNG,2005,74.1642
Papua New Guinea,PNG,2010,74.13549
Papua New Guinea,PNG,2015,74.10458
Paraguay,PRY,2000,48.74906
Paraguay,PRY,2005,46.50138
Paraguay,PRY,2010,42.66298
Paraguay,PRY,2015,38.56783
Peru,PER,2000,59.48984
Peru,PER,2005,59.00625
Peru,PER,2010,58.44609
Peru,PER,2015,57.79141
Philippines,PHL,2000,23.56709
Philippines,PHL,2005,23.72472
Philippines,PHL,2010,22.93993
Philippines,PHL,2015,26.96448
Pitcairn,PCN,2000,74.46809
Pitcairn,PCN,2005,74.46809
Pitcairn,PCN,2010,74.46809
Pitcairn,PCN,2015,74.46809
Poland,POL,2000,29.5862
Poland,POL,2005,30.0467
Poland,POL,2010,30.46801
Poland,POL,2015,30.8142
Polynesia,OWID_PYA,2000,42.77498
Polynesia,OWID_PYA,2005,45.76515
Polynesia,OWID_PYA,2010,48.75654
Polynesia,OWID_PYA,2015,48.67556
Portugal,PRT,2000,36.4934
Portugal,PRT,2005,35.98033
Portugal,PRT,2010,35.3581
Portugal,PRT,2015,34.73587
Puerto Rico,PRI,2000,50.74295
Puerto Rico,PRI,2005,52.18377
Puerto Rico,PRI,2010,54.04848
Puerto Rico,PRI,2015,55.91319
Qatar,QAT,2000,0
Qatar,QAT,2005,0
Qatar,QAT,2010,0
Qatar,QAT,2015,0
Reunion,REU,2000,34.66135
Reunion,REU,2005,33.86454
Reunion,REU,2010,35.05976
Reunion,REU,2015,35.05976
Romania,ROU,2000,27.66864
Romania,ROU,2005,27.77729
Romania,ROU,2010,28.31624
Romania,ROU,2015,29.82006
Russia,RUS,2000,49.41533
Russia,RUS,2005,49.38612
Russia,RUS,2010,49.77359
Russia,RUS,2015,49.76107
Rwanda,RWA,2000,13.94406
Rwanda,RWA,2005,15.606
Rwanda,RWA,2010,18.07864
Rwanda,RWA,2015,19.45683
Saint Barthlemy,,2000,0
Saint Barthlemy,,2005,0
Saint Barthlemy,,2010,0
Saint Barthlemy,,2015,0
Saint Helena,SHN,2000,5.12821
Saint Helena,SHN,2005,5.12821
Saint Helena,SHN,2010,5.12821
Saint Helena,SHN,2015,5.12821
Saint Kitts and Nevis,KNA,2000,42.30769
Saint Kitts and Nevis,KNA,2005,42.30769
Saint Kitts and Nevis,KNA,2010,42.30769
Saint Kitts and Nevis,KNA,2015,42.30769
Saint Lucia,LCA,2000,34.7541
Saint Lucia,LCA,2005,34.2623
Saint Lucia,LCA,2010,33.77049
Saint Lucia,LCA,2015,33.27869
Saint Martin (French part),MAF,2000,21.58491
Saint Martin (French part),MAF,2005,21.58491
Saint Martin (French part),MAF,2010,21.58491
Saint Martin (French part),MAF,2015,21.58491
Saint Pierre and Miquelon,SPM,2000,13.91304
Saint Pierre and Miquelon,SPM,2005,13.04348
Saint Pierre and Miquelon,SPM,2010,12.6087
Saint Pierre and Miquelon,SPM,2015,12.17391
Saint Vincent and the Grenadines,VCT,2000,66.66667
Saint Vincent and the Grenadines,VCT,2005,66.66667
Saint Vincent and the Grenadines,VCT,2010,69.23077
Saint Vincent and the Grenadines,VCT,2015,69.23077
Samoa,WSM,2000,60.42403
Samoa,WSM,2005,60.42403
Samoa,WSM,2010,60.42403
Samoa,WSM,2015,60.42403
San Marino,SMR,2000,0
San Marino,SMR,2005,0
San Marino,SMR,2010,0
San Marino,SMR,2015,0
Sao Tome and Principe,STP,2000,58.33333
Sao Tome and Principe,STP,2005,58.33333
Sao Tome and Principe,STP,2010,55.83333
Sao Tome and Principe,STP,2015,55.83333
Saudi Arabia,SAU,2000,0.45448
Saudi Arabia,SAU,2005,0.45448
Saudi Arabia,SAU,2010,0.45448
Saudi Arabia,SAU,2015,0.45448
Senegal,SEN,2000,46.21617
Senegal,SEN,2005,45.04753
Senegal,SEN,2010,44.00873
Senegal,SEN,2015,42.96993
Serbia,SRB,2000,28.12714
Serbia,SRB,2005,28.31008
Serbia,SRB,2010,31.01989
Serbia,SRB,2015,31.09993
Seychelles,SYC,2000,88.40435
Seychelles,SYC,2005,88.40435
Seychelles,SYC,2010,88.40435
Seychelles,SYC,2015,88.40435
Sierra Leone,SLE,2000,40.48213
Sierra Leone,SLE,2005,39.12441
Sierra Leone,SLE,2010,37.76669
Sierra Leone,SLE,2015,42.17235
Singapore,SGP,2000,23.06065
Singapore,SGP,2005,23.06065
Singapore,SGP,2010,23.06065
Singapore,SGP,2015,23.06065
Sint Maarten (Dutch part),SXM,2000,10.91176
Sint Maarten (Dutch part),SXM,2005,10.91176
Sint Maarten (Dutch part),SXM,2010,10.91176
Sint Maarten (Dutch part),SXM,2015,10.91176
Slovakia,SVK,2000,39.95258
Slovakia,SVK,2005,40.18136
Slovakia,SVK,2010,40.32694
Slovakia,SVK,2015,40.34774
Slovenia,SVN,2000,61.21355
Slovenia,SVN,2005,61.71001
Slovenia,SVN,2010,61.90859
Slovenia,SVN,2015,61.95824
Small Island Developing States (SIDS),,2000,68.21037
Small Island Developing States (SIDS),,2005,68.40889
Small Island Developing States (SIDS),,2010,68.57963
Small Island Developing States (SIDS),,2015,68.77669
Solomon Islands,SLB,2000,81.02894
Solomon Islands,SLB,2005,80.06431
Solomon Islands,SLB,2010,79.06395
Solomon Islands,SLB,2015,78.06359
Somalia,SOM,2000,11.97915
Somalia,SOM,2005,11.36704
Somalia,SOM,2010,10.75493
Somalia,SOM,2015,10.14283
South Africa,ZAF,2000,7.61774
South Africa,ZAF,2005,7.61774
South Africa,ZAF,2010,7.61774
South Africa,ZAF,2015,7.61774
South America,,2000,51.0058
South America,,2005,49.73436
South America,,2010,48.79086
South America,,2015,48.21127
South Eastern Asia,,2000,50.90943
South Eastern Asia,,2005,50.0226
South Eastern Asia,,2010,49.43992
South Eastern Asia,,2015,48.55634
South Korea,KOR,2000,64.52871
South Korea,KOR,2005,64.19006
South Korea,KOR,2010,63.8514
South Korea,KOR,2015,63.46144
South Sudan,SSD,2000,11.32921
South Sudan,SSD,2005,11.32921
South Sudan,SSD,2010,11.32921
South Sudan,SSD,2015,11.32921
Southern Africa,,2000,11.45673
Southern Africa,,2005,11.10248
Southern Africa,,2010,10.74785
Southern Africa,,2015,10.42567
Southern Asia,,2000,13.80375
Southern Asia,,2005,14.29903
Southern Asia,,2010,14.59396
Southern Asia,,2015,14.70031
Southern Europe,,2000,32.73349
Southern Europe,,2005,33.40729
Southern Europe,,2010,34.79927
Southern Europe,,2015,35.21507
Spain,ESP,2000,33.97692
Spain,ESP,2005,34.58763
Spain,ESP,2010,36.51916
Spain,ESP,2015,36.86073
Sri Lanka,LKA,2000,34.95455
Sri Lanka,LKA,2005,33.77452
Sri Lanka,LKA,2010,33.53532
Sri Lanka,LKA,2015,33.00909
Sub-Saharan Africa,,2000,28.9807
Sub-Saharan Africa,,2005,28.25433
Sub-Saharan Africa,,2010,27.48668
Sub-Saharan Africa,,2015,26.85122
Sub-Saharan Africa (inc. Sudan),,2000,27.62337
Sub-Saharan Africa (inc. Sudan),,2005,26.91734
Sub-Saharan Africa (inc. Sudan),,2010,26.17328
Sub-Saharan Africa (inc. Sudan),,2015,25.55103
Sudan,SDN,2000,11.69267
Sudan,SDN,2005,11.22549
Sudan,SDN,2010,10.7583
Sudan,SDN,2015,10.29111
Suriname,SUR,2000,98.66026
Suriname,SUR,2005,98.53205
Suriname,SUR,2010,98.40385
Suriname,SUR,2015,98.28205
Svalbard and Jan Mayen,SJM,2000,0
Svalbard and Jan Mayen,SJM,2005,0
Svalbard and Jan Mayen,SJM,2010,0
Svalbard and Jan Mayen,SJM,2015,0
Swaziland,SWZ,2000,30.11628
Swaziland,SWZ,2005,31.45349
Swaziland,SWZ,2010,32.73256
Swaziland,SWZ,2015,34.06977
Sweden,SWE,2000,69.1439
Sweden,SWE,2005,69.27893
Sweden,SWE,2010,68.92293
Sweden,SWE,2015,68.92293
Switzerland,CHE,2000,30.21561
Switzerland,CHE,2005,30.79765
Switzerland,CHE,2010,31.25316
Switzerland,CHE,2015,31.73398
Syria,SYR,2000,2.35256
Syria,SYR,2005,2.51048
Syria,SYR,2010,2.67386
Syria,SYR,2015,2.67386
Tajikistan,TJK,2000,2.9541
Tajikistan,TJK,2005,2.9541
Tajikistan,TJK,2010,2.9541
Tajikistan,TJK,2015,2.96851
Tanzania,TZA,2000,58.61368
Tanzania,TZA,2005,56.35584
Tanzania,TZA,2010,54.09799
Tanzania,TZA,2015,51.99819
Thailand,THA,2000,33.2968
Thailand,THA,2005,31.51363
Thailand,THA,2010,31.80528
Thailand,THA,2015,32.09889
Timor,TLS,2000,57.43107
Timor,TLS,2005,53.6651
Timor,TLS,2010,49.89913
Timor,TLS,2015,46.13315
Togo,TGO,2000,8.93547
Togo,TGO,2005,7.09689
Togo,TGO,2010,5.27671
Togo,TGO,2015,3.45652
Tokelau,TKL,2000,0
Tokelau,TKL,2005,0
Tokelau,TKL,2010,0
Tokelau,TKL,2015,0
Tonga,TON,2000,12.5
Tonga,TON,2005,12.5
Tonga,TON,2010,12.5
Tonga,TON,2015,12.5
Trinidad and Tobago,TTO,2000,45.53606
Trinidad and Tobago,TTO,2005,44.83431
Trinidad and Tobago,TTO,2010,44.13255
Trinidad and Tobago,TTO,2015,45.70682
Tunisia,TUN,2000,5.38749
Tunisia,TUN,2005,5.88955
Tunisia,TUN,2010,6.3723
Tunisia,TUN,2015,6.70057
Turkey,TUR,2000,13.23103
Turkey,TUR,2005,13.85341
Turkey,TUR,2010,14.55635
Turkey,TUR,2015,15.2216
Turkmenistan,TKM,2000,8.78216
Turkmenistan,TKM,2005,8.78216
Turkmenistan,TKM,2010,8.78216
Turkmenistan,TKM,2015,8.78216
Turks and Caicos Islands,TCA,2000,36.21053
Turks and Caicos Islands,TCA,2005,36.21053
Turks and Caicos Islands,TCA,2010,36.21053
Turks and Caicos Islands,TCA,2015,36.21053
Tuvalu,TUV,2000,33.33333
Tuvalu,TUV,2005,33.33333
Tuvalu,TUV,2010,33.33333
Tuvalu,TUV,2015,33.33333
Uganda,UGA,2000,19.29483
Uganda,UGA,2005,17.10054
Uganda,UGA,2010,13.7293
Uganda,UGA,2015,10.35807
Ukraine,UKR,2000,16.41665
Ukraine,UKR,2005,16.52885
Ukraine,UKR,2010,16.48225
Ukraine,UKR,2015,16.67041
United Arab Emirates,ARE,2000,4.36497
United Arab Emirates,ARE,2005,4.39313
United Arab Emirates,ARE,2010,4.46776
United Arab Emirates,ARE,2015,4.54238
United Kingdom,GBR,2000,12.21014
United Kingdom,GBR,2005,12.48708
United Kingdom,GBR,2010,12.64415
United Kingdom,GBR,2015,12.99549
United States,USA,2000,33.18269
United States,USA,2005,33.31617
United States,USA,2010,33.74941
United States,USA,2015,33.89972
United States Virgin Islands,VIR,2000,58.48571
United States Virgin Islands,VIR,2005,53.51429
United States Virgin Islands,VIR,2010,51.88571
United States Virgin Islands,VIR,2015,50.28571
Uruguay,URY,2000,7.82596
Uruguay,URY,2005,8.69501
Uruguay,URY,2010,9.89201
Uruguay,URY,2015,10.54165
Uzbekistan,UZB,2000,7.55054
Uzbekistan,UZB,2005,7.74565
Uzbekistan,UZB,2010,7.69981
Uzbekistan,UZB,2015,7.56911
Vanuatu,VUT,2000,36.09516
Vanuatu,VUT,2005,36.09516
Vanuatu,VUT,2010,36.09516
Vanuatu,VUT,2015,36.09516
Vatican,VAT,2000,0
Vatican,VAT,2005,0
Vatican,VAT,2010,0
Vatican,VAT,2015,0
Venezuela,VEN,2000,55.7236
Venezuela,VEN,2005,54.09331
Venezuela,VEN,2010,53.85749
Venezuela,VEN,2015,52.92557
Vietnam,VNM,2000,37.82049
Vietnam,VNM,2005,42.17435
Vietnam,VNM,2010,45.5639
Vietnam,VNM,2015,47.64408
Wallis and Futuna,WLF,2000,41.5
Wallis and Futuna,WLF,2005,41.5
Wallis and Futuna,WLF,2010,41.57143
Wallis and Futuna,WLF,2015,41.64286
Western Africa,,2000,11.95545
Western Africa,,2005,11.24405
Western Africa,,2010,10.54008
Western Africa,,2015,9.90649
Western Asia,,2000,3.71508
Western Asia,,2005,3.82837
Western Asia,,2010,3.98622
Western Asia,,2015,4.12409
"Western Asia (exc. Armenia, Azerbaijan, Cyprus, Israel and Georgia)",,2000,2.95009
"Western Asia (exc. Armenia, Azerbaijan, Cyprus, Israel and Georgia)",,2005,3.06434
"Western Asia (exc. Armenia, Azerbaijan, Cyprus, Israel and Georgia)",,2010,3.19041
"Western Asia (exc. Armenia, Azerbaijan, Cyprus, Israel and Georgia)",,2015,3.30344
Western Sahara,ESH,2000,2.65789
Western Sahara,ESH,2005,2.65789
Western Sahara,ESH,2010,2.65789
Western Sahara,ESH,2015,2.65789
World,OWID_WRL,2000,31.10528
World,OWID_WRL,2005,30.9248
World,OWID_WRL,2010,30.78939
World,OWID_WRL,2015,30.65805
Yemen,YEM,2000,1.03983
Yemen,YEM,2005,1.03983
Yemen,YEM,2010,1.03983
Yemen,YEM,2015,1.03983
Zambia,ZMB,2000,68.78489
Zambia,ZMB,2005,67.66435
Zambia,ZMB,2010,66.54381
Zambia,ZMB,2015,65.42326
Zimbabwe,ZWE,2000,48.84064
Zimbabwe,ZWE,2005,44.61419
Zimbabwe,ZWE,2010,40.38775
Zimbabwe,ZWE,2015,36.35001