Entity,Code,Year,Pri_adj_Enroll_% â€“ Lee-Lee (2016) (%)
Afghanistan,AFG,1820,0
Afghanistan,AFG,1825,0
Afghanistan,AFG,1830,0
Afghanistan,AFG,1835,0
Afghanistan,AFG,1840,0
Afghanistan,AFG,1845,0
Afghanistan,AFG,1850,0
Afghanistan,AFG,1855,0
Afghanistan,AFG,1860,0
Afghanistan,AFG,1865,0
Afghanistan,AFG,1870,0
Afghanistan,AFG,1875,0
Afghanistan,AFG,1880,0
Afghanistan,AFG,1885,0
Afghanistan,AFG,1890,0
Afghanistan,AFG,1895,0
Afghanistan,AFG,1900,0
Afghanistan,AFG,1905,0
Afghanistan,AFG,1910,0
Afghanistan,AFG,1915,0
Afghanistan,AFG,1920,0
Afghanistan,AFG,1925,0
Afghanistan,AFG,1930,0
Afghanistan,AFG,1935,0
Afghanistan,AFG,1940,0
Afghanistan,AFG,1945,2.8
Afghanistan,AFG,1950,3.5
Afghanistan,AFG,1955,4.7
Afghanistan,AFG,1960,7.3
Afghanistan,AFG,1965,12.9
Afghanistan,AFG,1970,17
Afghanistan,AFG,1975,21
Afghanistan,AFG,1980,29
Afghanistan,AFG,1985,15
Afghanistan,AFG,1990,19.4
Afghanistan,AFG,1995,46.1
Afghanistan,AFG,2000,17.6
Afghanistan,AFG,2005,82.3
Afghanistan,AFG,2010,83.2
Albania,ALB,1820,0.1
Albania,ALB,1825,0.2
Albania,ALB,1830,0.2
Albania,ALB,1835,0.3
Albania,ALB,1840,0.4
Albania,ALB,1845,0.5
Albania,ALB,1850,0.7
Albania,ALB,1855,0.8
Albania,ALB,1860,1.1
Albania,ALB,1865,1.4
Albania,ALB,1870,1.8
Albania,ALB,1875,2.3
Albania,ALB,1880,2.9
Albania,ALB,1885,3.8
Albania,ALB,1890,4.8
Albania,ALB,1895,6.1
Albania,ALB,1900,7.7
Albania,ALB,1905,9.7
Albania,ALB,1910,12.2
Albania,ALB,1915,15.2
Albania,ALB,1920,18.8
Albania,ALB,1925,20.7
Albania,ALB,1930,21.8
Albania,ALB,1935,37.2
Albania,ALB,1940,32.5
Albania,ALB,1945,81.7
Albania,ALB,1950,100
Albania,ALB,1955,100
Albania,ALB,1960,76.7
Albania,ALB,1965,83.7
Albania,ALB,1970,95
Albania,ALB,1975,100
Albania,ALB,1980,100
Albania,ALB,1985,93.6
Albania,ALB,1990,91.4
Albania,ALB,1995,91.4
Albania,ALB,2000,98
Albania,ALB,2005,97.8
Albania,ALB,2010,98.5
Algeria,DZA,1820,0.6
Algeria,DZA,1825,0.8
Algeria,DZA,1830,1
Algeria,DZA,1835,1.2
Algeria,DZA,1840,1.5
Algeria,DZA,1845,1.9
Algeria,DZA,1850,2.3
Algeria,DZA,1855,2.9
Algeria,DZA,1860,3.6
Algeria,DZA,1865,5.7
Algeria,DZA,1870,6.1
Algeria,DZA,1875,7.6
Algeria,DZA,1880,8
Algeria,DZA,1885,9.5
Algeria,DZA,1890,10.8
Algeria,DZA,1895,11.9
Algeria,DZA,1900,12.7
Algeria,DZA,1905,13
Algeria,DZA,1910,14.3
Algeria,DZA,1915,15.6
Algeria,DZA,1920,13.5
Algeria,DZA,1925,14.3
Algeria,DZA,1930,17.5
Algeria,DZA,1935,19.1
Algeria,DZA,1940,20.8
Algeria,DZA,1945,19.6
Algeria,DZA,1950,21.4
Algeria,DZA,1955,25.6
Algeria,DZA,1960,38.1
Algeria,DZA,1965,56.3
Algeria,DZA,1970,62.9
Algeria,DZA,1975,77
Algeria,DZA,1980,81
Algeria,DZA,1985,86
Algeria,DZA,1990,88
Algeria,DZA,1995,97.4
Algeria,DZA,2000,88.4
Algeria,DZA,2005,95
Algeria,DZA,2010,100
Argentina,ARG,1820,2.2
Argentina,ARG,1825,2.8
Argentina,ARG,1830,3.5
Argentina,ARG,1835,4.5
Argentina,ARG,1840,5.7
Argentina,ARG,1845,7.1
Argentina,ARG,1850,8.9
Argentina,ARG,1855,11.2
Argentina,ARG,1860,13.9
Argentina,ARG,1865,17.1
Argentina,ARG,1870,20.9
Argentina,ARG,1875,18.6
Argentina,ARG,1880,16.3
Argentina,ARG,1885,25.3
Argentina,ARG,1890,31.5
Argentina,ARG,1895,24.3
Argentina,ARG,1900,39.6
Argentina,ARG,1905,46.7
Argentina,ARG,1910,50.5
Argentina,ARG,1915,58.7
Argentina,ARG,1920,65.8
Argentina,ARG,1925,65.8
Argentina,ARG,1930,66.9
Argentina,ARG,1935,73.9
Argentina,ARG,1940,79.7
Argentina,ARG,1945,79.3
Argentina,ARG,1950,81.3
Argentina,ARG,1955,86.8
Argentina,ARG,1960,89
Argentina,ARG,1965,92
Argentina,ARG,1970,96
Argentina,ARG,1975,96
Argentina,ARG,1980,90.6
Argentina,ARG,1985,97.8
Argentina,ARG,1990,100
Argentina,ARG,1995,100
Argentina,ARG,2000,100
Argentina,ARG,2005,100
Argentina,ARG,2010,100
Australia,AUS,1820,35.2
Australia,AUS,1825,37.7
Australia,AUS,1830,40.3
Australia,AUS,1835,43
Australia,AUS,1840,45.8
Australia,AUS,1845,48.5
Australia,AUS,1850,51.3
Australia,AUS,1855,54.1
Australia,AUS,1860,56.8
Australia,AUS,1865,66.6
Australia,AUS,1870,76.5
Australia,AUS,1875,88.2
Australia,AUS,1880,100
Australia,AUS,1885,98.4
Australia,AUS,1890,96.8
Australia,AUS,1895,98.4
Australia,AUS,1900,100
Australia,AUS,1905,100
Australia,AUS,1910,100
Australia,AUS,1915,100
Australia,AUS,1920,100
Australia,AUS,1925,100
Australia,AUS,1930,100
Australia,AUS,1935,99.5
Australia,AUS,1940,99
Australia,AUS,1945,98.6
Australia,AUS,1950,98.1
Australia,AUS,1955,100
Australia,AUS,1960,81.5
Australia,AUS,1965,78.3
Australia,AUS,1970,91
Australia,AUS,1975,96
Australia,AUS,1980,100
Australia,AUS,1985,97
Australia,AUS,1990,98
Australia,AUS,1995,99.8
Australia,AUS,2000,95
Australia,AUS,2005,95
Australia,AUS,2010,96
Austria,AUT,1820,27.4
Austria,AUT,1825,29.1
Austria,AUT,1830,30.9
Austria,AUT,1835,32.7
Austria,AUT,1840,34.6
Austria,AUT,1845,36.5
Austria,AUT,1850,38.5
Austria,AUT,1855,40.5
Austria,AUT,1860,42.6
Austria,AUT,1865,44.7
Austria,AUT,1870,46.8
Austria,AUT,1875,54.2
Austria,AUT,1880,61.7
Austria,AUT,1885,67.8
Austria,AUT,1890,74
Austria,AUT,1895,76.1
Austria,AUT,1900,78.3
Austria,AUT,1905,80.3
Austria,AUT,1910,82.3
Austria,AUT,1915,90.1
Austria,AUT,1920,97.9
Austria,AUT,1925,99
Austria,AUT,1930,100
Austria,AUT,1935,100
Austria,AUT,1940,100
Austria,AUT,1945,100
Austria,AUT,1950,100
Austria,AUT,1955,100
Austria,AUT,1960,91
Austria,AUT,1965,92
Austria,AUT,1970,92
Austria,AUT,1975,89
Austria,AUT,1980,87
Austria,AUT,1985,86
Austria,AUT,1990,91
Austria,AUT,1995,97
Austria,AUT,2000,100
Austria,AUT,2005,98.8
Austria,AUT,2010,97.5
Bangladesh,BGD,1820,0
Bangladesh,BGD,1825,0
Bangladesh,BGD,1830,0.1
Bangladesh,BGD,1835,0.1
Bangladesh,BGD,1840,0.1
Bangladesh,BGD,1845,0.1
Bangladesh,BGD,1850,0.2
Bangladesh,BGD,1855,0.3
Bangladesh,BGD,1860,0.3
Bangladesh,BGD,1865,0.5
Bangladesh,BGD,1870,0.6
Bangladesh,BGD,1875,0.8
Bangladesh,BGD,1880,1.1
Bangladesh,BGD,1885,1.4
Bangladesh,BGD,1890,1.9
Bangladesh,BGD,1895,2.5
Bangladesh,BGD,1900,3.2
Bangladesh,BGD,1905,4.2
Bangladesh,BGD,1910,5.6
Bangladesh,BGD,1915,7.2
Bangladesh,BGD,1920,9.4
Bangladesh,BGD,1925,12.1
Bangladesh,BGD,1930,15.4
Bangladesh,BGD,1935,19.5
Bangladesh,BGD,1940,24.3
Bangladesh,BGD,1945,29.9
Bangladesh,BGD,1950,33.5
Bangladesh,BGD,1955,37.2
Bangladesh,BGD,1960,40.9
Bangladesh,BGD,1965,42.6
Bangladesh,BGD,1970,47
Bangladesh,BGD,1975,61
Bangladesh,BGD,1980,53.8
Bangladesh,BGD,1985,54
Bangladesh,BGD,1990,69
Bangladesh,BGD,1995,69
Bangladesh,BGD,2000,95.9
Bangladesh,BGD,2005,88.9
Bangladesh,BGD,2010,91
Barbados,BRB,1820,9.5
Barbados,BRB,1825,11.2
Barbados,BRB,1830,13.3
Barbados,BRB,1835,15.6
Barbados,BRB,1840,18.2
Barbados,BRB,1845,21.2
Barbados,BRB,1850,24.6
Barbados,BRB,1855,28.3
Barbados,BRB,1860,37.6
Barbados,BRB,1865,36.9
Barbados,BRB,1870,42.8
Barbados,BRB,1875,35.6
Barbados,BRB,1880,38.1
Barbados,BRB,1885,34.4
Barbados,BRB,1890,43
Barbados,BRB,1895,42.4
Barbados,BRB,1900,71.6
Barbados,BRB,1905,73.9
Barbados,BRB,1910,82.1
Barbados,BRB,1915,66.9
Barbados,BRB,1920,54.8
Barbados,BRB,1925,63
Barbados,BRB,1930,65.4
Barbados,BRB,1935,70.6
Barbados,BRB,1940,81
Barbados,BRB,1945,86.6
Barbados,BRB,1950,68.8
Barbados,BRB,1955,69
Barbados,BRB,1960,96.4
Barbados,BRB,1965,98.1
Barbados,BRB,1970,91
Barbados,BRB,1975,100
Barbados,BRB,1980,96
Barbados,BRB,1985,94.8
Barbados,BRB,1990,96
Barbados,BRB,1995,96
Barbados,BRB,2000,94
Barbados,BRB,2005,91
Barbados,BRB,2010,96
Belgium,BEL,1820,36.4
Belgium,BEL,1825,38.8
Belgium,BEL,1830,41.3
Belgium,BEL,1835,57.4
Belgium,BEL,1840,63.8
Belgium,BEL,1845,59
Belgium,BEL,1850,68.4
Belgium,BEL,1855,73.1
Belgium,BEL,1860,69.8
Belgium,BEL,1865,73.7
Belgium,BEL,1870,72
Belgium,BEL,1875,76.3
Belgium,BEL,1880,36.3
Belgium,BEL,1885,59.4
Belgium,BEL,1890,60.2
Belgium,BEL,1895,68.4
Belgium,BEL,1900,74.2
Belgium,BEL,1905,75.9
Belgium,BEL,1910,77.7
Belgium,BEL,1915,76.2
Belgium,BEL,1920,93.3
Belgium,BEL,1925,78.1
Belgium,BEL,1930,87.9
Belgium,BEL,1935,94.2
Belgium,BEL,1940,88.7
Belgium,BEL,1945,100
Belgium,BEL,1950,92
Belgium,BEL,1955,81.3
Belgium,BEL,1960,100
Belgium,BEL,1965,100
Belgium,BEL,1970,96
Belgium,BEL,1975,96.5
Belgium,BEL,1980,97
Belgium,BEL,1985,94
Belgium,BEL,1990,96
Belgium,BEL,1995,86.5
Belgium,BEL,2000,97.2
Belgium,BEL,2005,97.8
Belgium,BEL,2010,100
Belize,BLZ,1820,2
Belize,BLZ,1825,2.6
Belize,BLZ,1830,3.4
Belize,BLZ,1835,4.3
Belize,BLZ,1840,5.5
Belize,BLZ,1845,7.1
Belize,BLZ,1850,9
Belize,BLZ,1855,11.3
Belize,BLZ,1860,14.2
Belize,BLZ,1865,17.7
Belize,BLZ,1870,21.9
Belize,BLZ,1875,26.6
Belize,BLZ,1880,32.1
Belize,BLZ,1885,38
Belize,BLZ,1890,44.3
Belize,BLZ,1895,47.1
Belize,BLZ,1900,49.9
Belize,BLZ,1905,60.8
Belize,BLZ,1910,71.7
Belize,BLZ,1915,69.7
Belize,BLZ,1920,67.6
Belize,BLZ,1925,75.9
Belize,BLZ,1930,84.2
Belize,BLZ,1935,92.1
Belize,BLZ,1940,100
Belize,BLZ,1945,100
Belize,BLZ,1950,100
Belize,BLZ,1955,100
Belize,BLZ,1960,100
Belize,BLZ,1965,100
Belize,BLZ,1970,100
Belize,BLZ,1975,100
Belize,BLZ,1980,100
Belize,BLZ,1985,100
Belize,BLZ,1990,100
Belize,BLZ,1995,99
Belize,BLZ,2000,100
Belize,BLZ,2005,100
Belize,BLZ,2010,100
Benin,BEN,1820,0
Benin,BEN,1825,0
Benin,BEN,1830,0
Benin,BEN,1835,0
Benin,BEN,1840,0
Benin,BEN,1845,0
Benin,BEN,1850,0
Benin,BEN,1855,0.1
Benin,BEN,1860,0.1
Benin,BEN,1865,0.1
Benin,BEN,1870,0.1
Benin,BEN,1875,0.2
Benin,BEN,1880,0.2
Benin,BEN,1885,0.3
Benin,BEN,1890,0.4
Benin,BEN,1895,0.5
Benin,BEN,1900,0.7
Benin,BEN,1905,1
Benin,BEN,1910,1.3
Benin,BEN,1915,1.7
Benin,BEN,1920,2.2
Benin,BEN,1925,2.9
Benin,BEN,1930,3.8
Benin,BEN,1935,5
Benin,BEN,1940,5
Benin,BEN,1945,8.9
Benin,BEN,1950,12.8
Benin,BEN,1955,16.7
Benin,BEN,1960,20.6
Benin,BEN,1965,26
Benin,BEN,1970,28.2
Benin,BEN,1975,39.2
Benin,BEN,1980,50.2
Benin,BEN,1985,51
Benin,BEN,1990,45
Benin,BEN,1995,53.3
Benin,BEN,2000,64.9
Benin,BEN,2005,82.4
Benin,BEN,2010,100
Bolivia,BOL,1820,0.3
Bolivia,BOL,1825,0.4
Bolivia,BOL,1830,0.5
Bolivia,BOL,1835,0.7
Bolivia,BOL,1840,0.8
Bolivia,BOL,1845,1.1
Bolivia,BOL,1850,1.3
Bolivia,BOL,1855,1.7
Bolivia,BOL,1860,2.1
Bolivia,BOL,1865,2.6
Bolivia,BOL,1870,3.3
Bolivia,BOL,1875,4.2
Bolivia,BOL,1880,5.2
Bolivia,BOL,1885,6.4
Bolivia,BOL,1890,7.7
Bolivia,BOL,1895,9.3
Bolivia,BOL,1900,12.4
Bolivia,BOL,1905,17.7
Bolivia,BOL,1910,21.6
Bolivia,BOL,1915,22
Bolivia,BOL,1920,22.3
Bolivia,BOL,1925,22.7
Bolivia,BOL,1930,23.3
Bolivia,BOL,1935,23.9
Bolivia,BOL,1940,31.5
Bolivia,BOL,1945,35.1
Bolivia,BOL,1950,38.1
Bolivia,BOL,1955,53.3
Bolivia,BOL,1960,55
Bolivia,BOL,1965,62.7
Bolivia,BOL,1970,65.3
Bolivia,BOL,1975,73
Bolivia,BOL,1980,77
Bolivia,BOL,1985,79
Bolivia,BOL,1990,81
Bolivia,BOL,1995,81
Bolivia,BOL,2000,100
Bolivia,BOL,2005,100
Bolivia,BOL,2010,92.3
Brazil,BRA,1820,0.9
Brazil,BRA,1825,1.1
Brazil,BRA,1830,1.4
Brazil,BRA,1835,1.7
Brazil,BRA,1840,2.2
Brazil,BRA,1845,2.7
Brazil,BRA,1850,3.4
Brazil,BRA,1855,4.3
Brazil,BRA,1860,5.3
Brazil,BRA,1865,6.6
Brazil,BRA,1870,8.2
Brazil,BRA,1875,9.3
Brazil,BRA,1880,9.9
Brazil,BRA,1885,9.8
Brazil,BRA,1890,9.6
Brazil,BRA,1895,11.7
Brazil,BRA,1900,13.7
Brazil,BRA,1905,15.7
Brazil,BRA,1910,17.1
Brazil,BRA,1915,18.5
Brazil,BRA,1920,19.9
Brazil,BRA,1925,28.9
Brazil,BRA,1930,29.5
Brazil,BRA,1935,32.9
Brazil,BRA,1940,38
Brazil,BRA,1945,54.6
Brazil,BRA,1950,37.8
Brazil,BRA,1955,44.5
Brazil,BRA,1960,76.6
Brazil,BRA,1965,87.1
Brazil,BRA,1970,62
Brazil,BRA,1975,71
Brazil,BRA,1980,81
Brazil,BRA,1985,82
Brazil,BRA,1990,88
Brazil,BRA,1995,94.8
Brazil,BRA,2000,100
Brazil,BRA,2005,100
Brazil,BRA,2010,100
Bulgaria,BGR,1820,18.7
Bulgaria,BGR,1825,20
Bulgaria,BGR,1830,21.3
Bulgaria,BGR,1835,22.7
Bulgaria,BGR,1840,24.2
Bulgaria,BGR,1845,25.7
Bulgaria,BGR,1850,27.3
Bulgaria,BGR,1855,28.9
Bulgaria,BGR,1860,30.7
Bulgaria,BGR,1865,32.4
Bulgaria,BGR,1870,34.2
Bulgaria,BGR,1875,36.1
Bulgaria,BGR,1880,38
Bulgaria,BGR,1885,39.9
Bulgaria,BGR,1890,41.9
Bulgaria,BGR,1895,60.6
Bulgaria,BGR,1900,54
Bulgaria,BGR,1905,94.7
Bulgaria,BGR,1910,98.1
Bulgaria,BGR,1915,89.5
Bulgaria,BGR,1920,100
Bulgaria,BGR,1925,99.8
Bulgaria,BGR,1930,100
Bulgaria,BGR,1935,100
Bulgaria,BGR,1940,100
Bulgaria,BGR,1945,100
Bulgaria,BGR,1950,100
Bulgaria,BGR,1955,100
Bulgaria,BGR,1960,93
Bulgaria,BGR,1965,100
Bulgaria,BGR,1970,100
Bulgaria,BGR,1975,96
Bulgaria,BGR,1980,96
Bulgaria,BGR,1985,97
Bulgaria,BGR,1990,84
Bulgaria,BGR,1995,92.2
Bulgaria,BGR,2000,100
Bulgaria,BGR,2005,98.6
Bulgaria,BGR,2010,100
Cambodia,KHM,1820,0
Cambodia,KHM,1825,0
Cambodia,KHM,1830,0
Cambodia,KHM,1835,0
Cambodia,KHM,1840,0
Cambodia,KHM,1845,0
Cambodia,KHM,1850,0
Cambodia,KHM,1855,0
Cambodia,KHM,1860,0
Cambodia,KHM,1865,0
Cambodia,KHM,1870,0
Cambodia,KHM,1875,0
Cambodia,KHM,1880,0
Cambodia,KHM,1885,0
Cambodia,KHM,1890,0.1
Cambodia,KHM,1895,0.1
Cambodia,KHM,1900,0.2
Cambodia,KHM,1905,0.2
Cambodia,KHM,1910,0.4
Cambodia,KHM,1915,0.6
Cambodia,KHM,1920,1
Cambodia,KHM,1925,1.5
Cambodia,KHM,1930,2.3
Cambodia,KHM,1935,7.9
Cambodia,KHM,1940,9.4
Cambodia,KHM,1945,13
Cambodia,KHM,1950,21.2
Cambodia,KHM,1955,51.9
Cambodia,KHM,1960,54.2
Cambodia,KHM,1965,56.5
Cambodia,KHM,1970,58.9
Cambodia,KHM,1975,61.2
Cambodia,KHM,1980,63.5
Cambodia,KHM,1985,65.9
Cambodia,KHM,1990,68.2
Cambodia,KHM,1995,74.3
Cambodia,KHM,2000,80.3
Cambodia,KHM,2005,100
Cambodia,KHM,2010,100
Cameroon,CMR,1820,0
Cameroon,CMR,1825,0
Cameroon,CMR,1830,0.1
Cameroon,CMR,1835,0.1
Cameroon,CMR,1840,0.1
Cameroon,CMR,1845,0.1
Cameroon,CMR,1850,0.2
Cameroon,CMR,1855,0.2
Cameroon,CMR,1860,0.3
Cameroon,CMR,1865,0.3
Cameroon,CMR,1870,0.4
Cameroon,CMR,1875,0.6
Cameroon,CMR,1880,0.7
Cameroon,CMR,1885,2.5
Cameroon,CMR,1890,4.2
Cameroon,CMR,1895,2.6
Cameroon,CMR,1900,1
Cameroon,CMR,1905,2
Cameroon,CMR,1910,3
Cameroon,CMR,1915,3
Cameroon,CMR,1920,3.1
Cameroon,CMR,1925,4
Cameroon,CMR,1930,4.8
Cameroon,CMR,1935,11
Cameroon,CMR,1940,17.1
Cameroon,CMR,1945,25.7
Cameroon,CMR,1950,30.6
Cameroon,CMR,1955,45.2
Cameroon,CMR,1960,44.3
Cameroon,CMR,1965,64
Cameroon,CMR,1970,64
Cameroon,CMR,1975,69
Cameroon,CMR,1980,75.4
Cameroon,CMR,1985,79
Cameroon,CMR,1990,76
Cameroon,CMR,1995,62.5
Cameroon,CMR,2000,60.9
Cameroon,CMR,2005,74
Cameroon,CMR,2010,92.1
Canada,CAN,1820,56.8
Canada,CAN,1825,59.5
Canada,CAN,1830,62.2
Canada,CAN,1835,64.8
Canada,CAN,1840,67.3
Canada,CAN,1845,69.7
Canada,CAN,1850,72
Canada,CAN,1855,74.2
Canada,CAN,1860,76.3
Canada,CAN,1865,78.3
Canada,CAN,1870,81.9
Canada,CAN,1875,84.6
Canada,CAN,1880,83.6
Canada,CAN,1885,87.3
Canada,CAN,1890,90.5
Canada,CAN,1895,92.4
Canada,CAN,1900,95.8
Canada,CAN,1905,90.4
Canada,CAN,1910,92.4
Canada,CAN,1915,88.2
Canada,CAN,1920,98.4
Canada,CAN,1925,100
Canada,CAN,1930,100
Canada,CAN,1935,100
Canada,CAN,1940,99
Canada,CAN,1945,90
Canada,CAN,1950,93.1
Canada,CAN,1955,96.3
Canada,CAN,1960,73
Canada,CAN,1965,69
Canada,CAN,1970,92
Canada,CAN,1975,90.6
Canada,CAN,1980,93.8
Canada,CAN,1985,97
Canada,CAN,1990,98
Canada,CAN,1995,93.4
Canada,CAN,2000,99
Canada,CAN,2005,99.2
Canada,CAN,2010,99.4
Chile,CHL,1820,2.7
Chile,CHL,1825,3.4
Chile,CHL,1830,4.2
Chile,CHL,1835,5.2
Chile,CHL,1840,6.4
Chile,CHL,1845,7.8
Chile,CHL,1850,9.6
Chile,CHL,1855,11.1
Chile,CHL,1860,14.1
Chile,CHL,1865,16.7
Chile,CHL,1870,16.9
Chile,CHL,1875,17.1
Chile,CHL,1880,17.3
Chile,CHL,1885,15.7
Chile,CHL,1890,27.2
Chile,CHL,1895,31.1
Chile,CHL,1900,34.1
Chile,CHL,1905,43.1
Chile,CHL,1910,62.3
Chile,CHL,1915,65.8
Chile,CHL,1920,62
Chile,CHL,1925,76.9
Chile,CHL,1930,80.2
Chile,CHL,1935,70.7
Chile,CHL,1940,75.7
Chile,CHL,1945,74.4
Chile,CHL,1950,96
Chile,CHL,1955,100
Chile,CHL,1960,94.7
Chile,CHL,1965,100
Chile,CHL,1970,93
Chile,CHL,1975,96
Chile,CHL,1980,98.1
Chile,CHL,1985,94.1
Chile,CHL,1990,87
Chile,CHL,1995,92.1
Chile,CHL,2000,98
Chile,CHL,2005,100
Chile,CHL,2010,98
China,CHN,1820,0
China,CHN,1825,0
China,CHN,1830,0
China,CHN,1835,0
China,CHN,1840,0
China,CHN,1845,0
China,CHN,1850,0
China,CHN,1855,0
China,CHN,1860,0
China,CHN,1865,0
China,CHN,1870,0.1
China,CHN,1875,0.1
China,CHN,1880,0.2
China,CHN,1885,0.4
China,CHN,1890,0.6
China,CHN,1895,0.9
China,CHN,1900,1.4
China,CHN,1905,2.2
China,CHN,1910,3.3
China,CHN,1915,5
China,CHN,1920,7.4
China,CHN,1925,11.1
China,CHN,1930,17.7
China,CHN,1935,22.2
China,CHN,1940,19.6
China,CHN,1945,31
China,CHN,1950,32.9
China,CHN,1955,56.4
China,CHN,1960,68.2
China,CHN,1965,68.2
China,CHN,1970,68.2
China,CHN,1975,96.5
China,CHN,1980,80.4
China,CHN,1985,95
China,CHN,1990,98
China,CHN,1995,99
China,CHN,2000,100
China,CHN,2005,100
China,CHN,2010,100
Colombia,COL,1820,4.6
Colombia,COL,1825,5.6
Colombia,COL,1830,6.7
Colombia,COL,1835,7.9
Colombia,COL,1840,10.2
Colombia,COL,1845,8.8
Colombia,COL,1850,8.6
Colombia,COL,1855,10.9
Colombia,COL,1860,13.2
Colombia,COL,1865,15.5
Colombia,COL,1870,17.8
Colombia,COL,1875,20
Colombia,COL,1880,17.4
Colombia,COL,1885,15.1
Colombia,COL,1890,17.4
Colombia,COL,1895,19.5
Colombia,COL,1900,21.7
Colombia,COL,1905,23.9
Colombia,COL,1910,26.1
Colombia,COL,1915,38.2
Colombia,COL,1920,39.1
Colombia,COL,1925,37.6
Colombia,COL,1930,36.1
Colombia,COL,1935,39.4
Colombia,COL,1940,41.1
Colombia,COL,1945,39.6
Colombia,COL,1950,43.1
Colombia,COL,1955,55.7
Colombia,COL,1960,59
Colombia,COL,1965,64
Colombia,COL,1970,69.2
Colombia,COL,1975,75.6
Colombia,COL,1980,82.1
Colombia,COL,1985,75
Colombia,COL,1990,74
Colombia,COL,1995,85
Colombia,COL,2000,100
Colombia,COL,2005,100
Colombia,COL,2010,100
Costa Rica,CRI,1820,2.1
Costa Rica,CRI,1825,2.7
Costa Rica,CRI,1830,3.4
Costa Rica,CRI,1835,4.2
Costa Rica,CRI,1840,5.3
Costa Rica,CRI,1845,6.7
Costa Rica,CRI,1850,8.4
Costa Rica,CRI,1855,10.5
Costa Rica,CRI,1860,13
Costa Rica,CRI,1865,16
Costa Rica,CRI,1870,19.5
Costa Rica,CRI,1875,23.6
Costa Rica,CRI,1880,28.3
Costa Rica,CRI,1885,33.5
Costa Rica,CRI,1890,39.1
Costa Rica,CRI,1895,45
Costa Rica,CRI,1900,34.8
Costa Rica,CRI,1905,35.3
Costa Rica,CRI,1910,40.6
Costa Rica,CRI,1915,49
Costa Rica,CRI,1920,45.5
Costa Rica,CRI,1925,46.8
Costa Rica,CRI,1930,55
Costa Rica,CRI,1935,61.8
Costa Rica,CRI,1940,63.3
Costa Rica,CRI,1945,70
Costa Rica,CRI,1950,68.5
Costa Rica,CRI,1955,88.1
Costa Rica,CRI,1960,81
Costa Rica,CRI,1965,89
Costa Rica,CRI,1970,89
Costa Rica,CRI,1975,92
Costa Rica,CRI,1980,90
Costa Rica,CRI,1985,87
Costa Rica,CRI,1990,87
Costa Rica,CRI,1995,95.2
Costa Rica,CRI,2000,100
Costa Rica,CRI,2005,100
Costa Rica,CRI,2010,100
Cote d'Ivoire,CIV,1820,0
Cote d'Ivoire,CIV,1825,0
Cote d'Ivoire,CIV,1830,0
Cote d'Ivoire,CIV,1835,0
Cote d'Ivoire,CIV,1840,0
Cote d'Ivoire,CIV,1845,0.1
Cote d'Ivoire,CIV,1850,0.1
Cote d'Ivoire,CIV,1855,0.1
Cote d'Ivoire,CIV,1860,0.1
Cote d'Ivoire,CIV,1865,0.2
Cote d'Ivoire,CIV,1870,0.2
Cote d'Ivoire,CIV,1875,0.3
Cote d'Ivoire,CIV,1880,0.3
Cote d'Ivoire,CIV,1885,0.4
Cote d'Ivoire,CIV,1890,0.6
Cote d'Ivoire,CIV,1895,0.7
Cote d'Ivoire,CIV,1900,1
Cote d'Ivoire,CIV,1905,1.2
Cote d'Ivoire,CIV,1910,1.6
Cote d'Ivoire,CIV,1915,2.1
Cote d'Ivoire,CIV,1920,2.6
Cote d'Ivoire,CIV,1925,3.4
Cote d'Ivoire,CIV,1930,4.3
Cote d'Ivoire,CIV,1935,5.5
Cote d'Ivoire,CIV,1940,7.1
Cote d'Ivoire,CIV,1945,8.9
Cote d'Ivoire,CIV,1950,11.3
Cote d'Ivoire,CIV,1955,14.1
Cote d'Ivoire,CIV,1960,17.5
Cote d'Ivoire,CIV,1965,21.6
Cote d'Ivoire,CIV,1970,26.2
Cote d'Ivoire,CIV,1975,31.5
Cote d'Ivoire,CIV,1980,37.3
Cote d'Ivoire,CIV,1985,43.6
Cote d'Ivoire,CIV,1990,50
Cote d'Ivoire,CIV,1995,52.4
Cote d'Ivoire,CIV,2000,58.4
Cote d'Ivoire,CIV,2005,56.6
Cote d'Ivoire,CIV,2010,65
Cuba,CUB,1820,0.7
Cuba,CUB,1825,0.9
Cuba,CUB,1830,1.1
Cuba,CUB,1835,1.5
Cuba,CUB,1840,1.9
Cuba,CUB,1845,2.4
Cuba,CUB,1850,3.1
Cuba,CUB,1855,4
Cuba,CUB,1860,5.1
Cuba,CUB,1865,6.5
Cuba,CUB,1870,8.3
Cuba,CUB,1875,10.5
Cuba,CUB,1880,13.1
Cuba,CUB,1885,20.2
Cuba,CUB,1890,27.2
Cuba,CUB,1895,36.4
Cuba,CUB,1900,45.5
Cuba,CUB,1905,42
Cuba,CUB,1910,38.4
Cuba,CUB,1915,46.7
Cuba,CUB,1920,55
Cuba,CUB,1925,53.3
Cuba,CUB,1930,51.7
Cuba,CUB,1935,53.5
Cuba,CUB,1940,55.2
Cuba,CUB,1945,62.7
Cuba,CUB,1950,70.1
Cuba,CUB,1955,71.7
Cuba,CUB,1960,66.2
Cuba,CUB,1965,100
Cuba,CUB,1970,100
Cuba,CUB,1975,100
Cuba,CUB,1980,98
Cuba,CUB,1985,95
Cuba,CUB,1990,94
Cuba,CUB,1995,99
Cuba,CUB,2000,99.6
Cuba,CUB,2005,98.5
Cuba,CUB,2010,100
Cyprus,CYP,1820,2.4
Cyprus,CYP,1825,3
Cyprus,CYP,1830,3.6
Cyprus,CYP,1835,4.5
Cyprus,CYP,1840,5.4
Cyprus,CYP,1845,6.6
Cyprus,CYP,1850,8.1
Cyprus,CYP,1855,9.8
Cyprus,CYP,1860,11.8
Cyprus,CYP,1865,14.2
Cyprus,CYP,1870,17
Cyprus,CYP,1875,20.1
Cyprus,CYP,1880,23.8
Cyprus,CYP,1885,34.4
Cyprus,CYP,1890,45.1
Cyprus,CYP,1895,52.3
Cyprus,CYP,1900,59.4
Cyprus,CYP,1905,68.5
Cyprus,CYP,1910,79.9
Cyprus,CYP,1915,92.3
Cyprus,CYP,1920,100
Cyprus,CYP,1925,100
Cyprus,CYP,1930,100
Cyprus,CYP,1935,93.6
Cyprus,CYP,1940,93.5
Cyprus,CYP,1945,93
Cyprus,CYP,1950,100
Cyprus,CYP,1955,100
Cyprus,CYP,1960,94.2
Cyprus,CYP,1965,84
Cyprus,CYP,1970,77.7
Cyprus,CYP,1975,93
Cyprus,CYP,1980,93
Cyprus,CYP,1985,88
Cyprus,CYP,1990,100
Cyprus,CYP,1995,100
Cyprus,CYP,2000,97
Cyprus,CYP,2005,100
Cyprus,CYP,2010,100
Czech Republic,CZE,1820,50.8
Czech Republic,CZE,1825,53.2
Czech Republic,CZE,1830,55.5
Czech Republic,CZE,1835,57.8
Czech Republic,CZE,1840,60.1
Czech Republic,CZE,1845,62.3
Czech Republic,CZE,1850,64.5
Czech Republic,CZE,1855,66.6
Czech Republic,CZE,1860,68.7
Czech Republic,CZE,1865,70.6
Czech Republic,CZE,1870,72.6
Czech Republic,CZE,1875,74.4
Czech Republic,CZE,1880,76.2
Czech Republic,CZE,1885,77.9
Czech Republic,CZE,1890,79.5
Czech Republic,CZE,1895,81
Czech Republic,CZE,1900,82.4
Czech Republic,CZE,1905,83.8
Czech Republic,CZE,1910,85.1
Czech Republic,CZE,1915,86.3
Czech Republic,CZE,1920,87.5
Czech Republic,CZE,1925,79.1
Czech Republic,CZE,1930,95.2
Czech Republic,CZE,1935,94.2
Czech Republic,CZE,1940,61
Czech Republic,CZE,1945,97.9
Czech Republic,CZE,1950,100
Czech Republic,CZE,1955,100
Czech Republic,CZE,1960,89.3
Czech Republic,CZE,1965,95
Czech Republic,CZE,1970,93.1
Czech Republic,CZE,1975,94.1
Czech Republic,CZE,1980,90.2
Czech Republic,CZE,1985,97
Czech Republic,CZE,1990,92.1
Czech Republic,CZE,1995,92.1
Czech Republic,CZE,2000,100
Czech Republic,CZE,2005,98.9
Czech Republic,CZE,2010,100
Democratic Republic of Congo,COD,1820,0
Democratic Republic of Congo,COD,1825,0
Democratic Republic of Congo,COD,1830,0
Democratic Republic of Congo,COD,1835,0
Democratic Republic of Congo,COD,1840,0
Democratic Republic of Congo,COD,1845,0
Democratic Republic of Congo,COD,1850,0
Democratic Republic of Congo,COD,1855,0
Democratic Republic of Congo,COD,1860,0
Democratic Republic of Congo,COD,1865,0
Democratic Republic of Congo,COD,1870,0
Democratic Republic of Congo,COD,1875,0
Democratic Republic of Congo,COD,1880,0
Democratic Republic of Congo,COD,1885,0
Democratic Republic of Congo,COD,1890,0
Democratic Republic of Congo,COD,1895,0.1
Democratic Republic of Congo,COD,1900,0.3
Democratic Republic of Congo,COD,1905,0.5
Democratic Republic of Congo,COD,1910,1
Democratic Republic of Congo,COD,1915,1.8
Democratic Republic of Congo,COD,1920,3
Democratic Republic of Congo,COD,1925,4.8
Democratic Republic of Congo,COD,1930,7.5
Democratic Republic of Congo,COD,1935,9.1
Democratic Republic of Congo,COD,1940,10.6
Democratic Republic of Congo,COD,1945,25.9
Democratic Republic of Congo,COD,1950,41.2
Democratic Republic of Congo,COD,1955,46.3
Democratic Republic of Congo,COD,1960,43
Democratic Republic of Congo,COD,1965,50.1
Democratic Republic of Congo,COD,1970,63
Democratic Republic of Congo,COD,1975,63
Democratic Republic of Congo,COD,1980,66.9
Democratic Republic of Congo,COD,1985,63.7
Democratic Republic of Congo,COD,1990,54
Democratic Republic of Congo,COD,1995,61
Democratic Republic of Congo,COD,2000,44.8
Democratic Republic of Congo,COD,2005,78.2
Democratic Republic of Congo,COD,2010,88.5
Denmark,DNK,1820,84.9
Denmark,DNK,1825,86.3
Denmark,DNK,1830,87.7
Denmark,DNK,1835,88.9
Denmark,DNK,1840,90
Denmark,DNK,1845,91
Denmark,DNK,1850,92
Denmark,DNK,1855,92.8
Denmark,DNK,1860,93.6
Denmark,DNK,1865,94.3
Denmark,DNK,1870,95
Denmark,DNK,1875,97.5
Denmark,DNK,1880,100
Denmark,DNK,1885,100
Denmark,DNK,1890,100
Denmark,DNK,1895,100
Denmark,DNK,1900,100
Denmark,DNK,1905,100
Denmark,DNK,1910,100
Denmark,DNK,1915,100
Denmark,DNK,1920,100
Denmark,DNK,1925,100
Denmark,DNK,1930,100
Denmark,DNK,1935,100
Denmark,DNK,1940,100
Denmark,DNK,1945,100
Denmark,DNK,1950,100
Denmark,DNK,1955,100
Denmark,DNK,1960,100
Denmark,DNK,1965,98
Denmark,DNK,1970,96
Denmark,DNK,1975,100
Denmark,DNK,1980,96
Denmark,DNK,1985,98
Denmark,DNK,1990,96
Denmark,DNK,1995,100
Denmark,DNK,2000,100
Denmark,DNK,2005,99
Denmark,DNK,2010,100
Dominican Republic,DOM,1820,0.2
Dominican Republic,DOM,1825,0.2
Dominican Republic,DOM,1830,0.3
Dominican Republic,DOM,1835,0.3
Dominican Republic,DOM,1840,0.4
Dominican Republic,DOM,1845,0.5
Dominican Republic,DOM,1850,0.7
Dominican Republic,DOM,1855,1.9
Dominican Republic,DOM,1860,3.2
Dominican Republic,DOM,1865,4.4
Dominican Republic,DOM,1870,5.9
Dominican Republic,DOM,1875,7.5
Dominican Republic,DOM,1880,8.5
Dominican Republic,DOM,1885,8.3
Dominican Republic,DOM,1890,9.1
Dominican Republic,DOM,1895,10.8
Dominican Republic,DOM,1900,12.5
Dominican Republic,DOM,1905,12.2
Dominican Republic,DOM,1910,12.5
Dominican Republic,DOM,1915,12.6
Dominican Republic,DOM,1920,45.7
Dominican Republic,DOM,1925,37
Dominican Republic,DOM,1930,30.8
Dominican Republic,DOM,1935,30.6
Dominican Republic,DOM,1940,35.5
Dominican Republic,DOM,1945,52.6
Dominican Republic,DOM,1950,52
Dominican Republic,DOM,1955,84.5
Dominican Republic,DOM,1960,53.7
Dominican Republic,DOM,1965,47.7
Dominican Republic,DOM,1970,54.8
Dominican Republic,DOM,1975,57
Dominican Republic,DOM,1980,62.5
Dominican Republic,DOM,1985,68
Dominican Republic,DOM,1990,75
Dominican Republic,DOM,1995,85.5
Dominican Republic,DOM,2000,100
Dominican Republic,DOM,2005,96.5
Dominican Republic,DOM,2010,99.2
Ecuador,ECU,1820,1.1
Ecuador,ECU,1825,1.5
Ecuador,ECU,1830,1.9
Ecuador,ECU,1835,2.4
Ecuador,ECU,1840,3
Ecuador,ECU,1845,3.8
Ecuador,ECU,1850,4.8
Ecuador,ECU,1855,6.1
Ecuador,ECU,1860,7.6
Ecuador,ECU,1865,9.6
Ecuador,ECU,1870,11.9
Ecuador,ECU,1875,14.7
Ecuador,ECU,1880,18.1
Ecuador,ECU,1885,22
Ecuador,ECU,1890,26.6
Ecuador,ECU,1895,26.5
Ecuador,ECU,1900,26.5
Ecuador,ECU,1905,26.5
Ecuador,ECU,1910,34.2
Ecuador,ECU,1915,22.7
Ecuador,ECU,1920,34.1
Ecuador,ECU,1925,39.5
Ecuador,ECU,1930,45
Ecuador,ECU,1935,51.7
Ecuador,ECU,1940,57.7
Ecuador,ECU,1945,63.8
Ecuador,ECU,1950,58.5
Ecuador,ECU,1955,68.1
Ecuador,ECU,1960,66.6
Ecuador,ECU,1965,73
Ecuador,ECU,1970,79
Ecuador,ECU,1975,78
Ecuador,ECU,1980,86.2
Ecuador,ECU,1985,87
Ecuador,ECU,1990,88.5
Ecuador,ECU,1995,92
Ecuador,ECU,2000,100
Ecuador,ECU,2005,100
Ecuador,ECU,2010,100
Egypt,EGY,1820,0.1
Egypt,EGY,1825,0.1
Egypt,EGY,1830,0.1
Egypt,EGY,1835,0.1
Egypt,EGY,1840,0.2
Egypt,EGY,1845,0.2
Egypt,EGY,1850,0.3
Egypt,EGY,1855,0.5
Egypt,EGY,1860,0.6
Egypt,EGY,1865,0.8
Egypt,EGY,1870,1.1
Egypt,EGY,1875,1.5
Egypt,EGY,1880,2
Egypt,EGY,1885,2.6
Egypt,EGY,1890,3.5
Egypt,EGY,1895,4.7
Egypt,EGY,1900,6.2
Egypt,EGY,1905,8.2
Egypt,EGY,1910,10.8
Egypt,EGY,1915,18.7
Egypt,EGY,1920,15.7
Egypt,EGY,1925,19.1
Egypt,EGY,1930,32.8
Egypt,EGY,1935,45.6
Egypt,EGY,1940,47.4
Egypt,EGY,1945,41.8
Egypt,EGY,1950,43.7
Egypt,EGY,1955,39.7
Egypt,EGY,1960,60
Egypt,EGY,1965,69
Egypt,EGY,1970,67
Egypt,EGY,1975,72
Egypt,EGY,1980,81.9
Egypt,EGY,1985,83.8
Egypt,EGY,1990,99.6
Egypt,EGY,1995,92
Egypt,EGY,2000,95.4
Egypt,EGY,2005,100
Egypt,EGY,2010,100
El Salvador,SLV,1820,1.5
El Salvador,SLV,1825,1.9
El Salvador,SLV,1830,2.3
El Salvador,SLV,1835,2.9
El Salvador,SLV,1840,3.5
El Salvador,SLV,1845,4.4
El Salvador,SLV,1850,5.4
El Salvador,SLV,1855,6.7
El Salvador,SLV,1860,8.2
El Salvador,SLV,1865,10
El Salvador,SLV,1870,12.2
El Salvador,SLV,1875,14.7
El Salvador,SLV,1880,17.7
El Salvador,SLV,1885,21.2
El Salvador,SLV,1890,21.3
El Salvador,SLV,1895,21.6
El Salvador,SLV,1900,20.5
El Salvador,SLV,1905,19.7
El Salvador,SLV,1910,21.8
El Salvador,SLV,1915,22.7
El Salvador,SLV,1920,25
El Salvador,SLV,1925,19.6
El Salvador,SLV,1930,17.6
El Salvador,SLV,1935,24.9
El Salvador,SLV,1940,31.5
El Salvador,SLV,1945,32.3
El Salvador,SLV,1950,42.5
El Salvador,SLV,1955,50.5
El Salvador,SLV,1960,59.5
El Salvador,SLV,1965,61
El Salvador,SLV,1970,67
El Salvador,SLV,1975,67.4
El Salvador,SLV,1980,66.5
El Salvador,SLV,1985,62.9
El Salvador,SLV,1990,71
El Salvador,SLV,1995,81
El Salvador,SLV,2000,97.1
El Salvador,SLV,2005,100
El Salvador,SLV,2010,100
Fiji,FJI,1820,0
Fiji,FJI,1825,0
Fiji,FJI,1830,0
Fiji,FJI,1835,0
Fiji,FJI,1840,0
Fiji,FJI,1845,0
Fiji,FJI,1850,0
Fiji,FJI,1855,0
Fiji,FJI,1860,0
Fiji,FJI,1865,0.1
Fiji,FJI,1870,0.2
Fiji,FJI,1875,0.3
Fiji,FJI,1880,0.6
Fiji,FJI,1885,1
Fiji,FJI,1890,1.8
Fiji,FJI,1895,3
Fiji,FJI,1900,4.9
Fiji,FJI,1905,7.9
Fiji,FJI,1910,12.3
Fiji,FJI,1915,18.6
Fiji,FJI,1920,26.9
Fiji,FJI,1925,37.1
Fiji,FJI,1930,48.5
Fiji,FJI,1935,42.1
Fiji,FJI,1940,52.2
Fiji,FJI,1945,69.8
Fiji,FJI,1950,85.2
Fiji,FJI,1955,87.6
Fiji,FJI,1960,73.9
Fiji,FJI,1965,73.9
Fiji,FJI,1970,91.3
Fiji,FJI,1975,100
Fiji,FJI,1980,100
Fiji,FJI,1985,100
Fiji,FJI,1990,100
Fiji,FJI,1995,99
Fiji,FJI,2000,98.8
Fiji,FJI,2005,100
Fiji,FJI,2010,100
Finland,FIN,1820,1.2
Finland,FIN,1825,1.5
Finland,FIN,1830,1.8
Finland,FIN,1835,2.2
Finland,FIN,1840,2.7
Finland,FIN,1845,3.3
Finland,FIN,1850,4
Finland,FIN,1855,4.9
Finland,FIN,1860,5.9
Finland,FIN,1865,7.2
Finland,FIN,1870,8.7
Finland,FIN,1875,10.5
Finland,FIN,1880,16
Finland,FIN,1885,19.9
Finland,FIN,1890,25.4
Finland,FIN,1895,36.7
Finland,FIN,1900,46.6
Finland,FIN,1905,54.8
Finland,FIN,1910,64.9
Finland,FIN,1915,79.4
Finland,FIN,1920,94.8
Finland,FIN,1925,100
Finland,FIN,1930,100
Finland,FIN,1935,100
Finland,FIN,1940,100
Finland,FIN,1945,100
Finland,FIN,1950,100
Finland,FIN,1955,100
Finland,FIN,1960,97
Finland,FIN,1965,92
Finland,FIN,1970,100
Finland,FIN,1975,100
Finland,FIN,1980,96
Finland,FIN,1985,100
Finland,FIN,1990,99
Finland,FIN,1995,100
Finland,FIN,2000,100
Finland,FIN,2005,99
Finland,FIN,2010,99
France,FRA,1820,16.6
France,FRA,1825,17.6
France,FRA,1830,18.6
France,FRA,1835,19.7
France,FRA,1840,20.8
France,FRA,1845,22
France,FRA,1850,23.2
France,FRA,1855,24.5
France,FRA,1860,25.8
France,FRA,1865,29.9
France,FRA,1870,100
France,FRA,1875,100
France,FRA,1880,100
France,FRA,1885,100
France,FRA,1890,100
France,FRA,1895,100
France,FRA,1900,100
France,FRA,1905,100
France,FRA,1910,100
France,FRA,1915,100
France,FRA,1920,100
France,FRA,1925,100
France,FRA,1930,100
France,FRA,1935,100
France,FRA,1940,100
France,FRA,1945,100
France,FRA,1950,100
France,FRA,1955,100
France,FRA,1960,97
France,FRA,1965,98
France,FRA,1970,98
France,FRA,1975,98
France,FRA,1980,100
France,FRA,1985,98
France,FRA,1990,100
France,FRA,1995,100
France,FRA,2000,99.7
France,FRA,2005,100
France,FRA,2010,100
Gambia,GMB,1820,0.3
Gambia,GMB,1825,0.4
Gambia,GMB,1830,0.5
Gambia,GMB,1835,0.6
Gambia,GMB,1840,0.8
Gambia,GMB,1845,1
Gambia,GMB,1850,1.3
Gambia,GMB,1855,1.7
Gambia,GMB,1860,2.1
Gambia,GMB,1865,2.7
Gambia,GMB,1870,3.4
Gambia,GMB,1875,4.3
Gambia,GMB,1880,5.5
Gambia,GMB,1885,6.9
Gambia,GMB,1890,8.6
Gambia,GMB,1895,10.7
Gambia,GMB,1900,13.3
Gambia,GMB,1905,11.2
Gambia,GMB,1910,9.1
Gambia,GMB,1915,7.8
Gambia,GMB,1920,6.5
Gambia,GMB,1925,5.2
Gambia,GMB,1930,3.8
Gambia,GMB,1935,4.6
Gambia,GMB,1940,5.5
Gambia,GMB,1945,6.3
Gambia,GMB,1950,7.1
Gambia,GMB,1955,10
Gambia,GMB,1960,10
Gambia,GMB,1965,19
Gambia,GMB,1970,21
Gambia,GMB,1975,21
Gambia,GMB,1980,50
Gambia,GMB,1985,68
Gambia,GMB,1990,52
Gambia,GMB,1995,63.1
Gambia,GMB,2000,82.3
Gambia,GMB,2005,85.2
Gambia,GMB,2010,82.5
Germany,DEU,1820,21.2
Germany,DEU,1825,23.4
Germany,DEU,1830,25.8
Germany,DEU,1835,28.4
Germany,DEU,1840,31.1
Germany,DEU,1845,33.9
Germany,DEU,1850,36.9
Germany,DEU,1855,40
Germany,DEU,1860,43.1
Germany,DEU,1865,46.4
Germany,DEU,1870,49.6
Germany,DEU,1875,52.9
Germany,DEU,1880,53.9
Germany,DEU,1885,59.2
Germany,DEU,1890,58.4
Germany,DEU,1895,57.5
Germany,DEU,1900,56.1
Germany,DEU,1905,58.2
Germany,DEU,1910,87.3
Germany,DEU,1915,92.2
Germany,DEU,1920,97.1
Germany,DEU,1925,79.2
Germany,DEU,1930,85.1
Germany,DEU,1935,86.6
Germany,DEU,1940,87.3
Germany,DEU,1945,92.8
Germany,DEU,1950,98.2
Germany,DEU,1955,77.6
Germany,DEU,1960,100
Germany,DEU,1965,82.8
Germany,DEU,1970,82.8
Germany,DEU,1975,88
Germany,DEU,1980,82
Germany,DEU,1985,81
Germany,DEU,1990,89
Germany,DEU,1995,100
Germany,DEU,2000,100
Germany,DEU,2005,100
Germany,DEU,2010,100
Ghana,GHA,1820,0
Ghana,GHA,1825,0.1
Ghana,GHA,1830,0.1
Ghana,GHA,1835,0.1
Ghana,GHA,1840,0.1
Ghana,GHA,1845,0.2
Ghana,GHA,1850,0.2
Ghana,GHA,1855,0.3
Ghana,GHA,1860,0.4
Ghana,GHA,1865,0.5
Ghana,GHA,1870,0.6
Ghana,GHA,1875,0.8
Ghana,GHA,1880,1.1
Ghana,GHA,1885,1.4
Ghana,GHA,1890,1.9
Ghana,GHA,1895,2.4
Ghana,GHA,1900,3.2
Ghana,GHA,1905,4.2
Ghana,GHA,1910,5.4
Ghana,GHA,1915,7
Ghana,GHA,1920,8.5
Ghana,GHA,1925,9.6
Ghana,GHA,1930,9.4
Ghana,GHA,1935,9.7
Ghana,GHA,1940,12.7
Ghana,GHA,1945,24
Ghana,GHA,1950,23.6
Ghana,GHA,1955,43.9
Ghana,GHA,1960,33
Ghana,GHA,1965,59.9
Ghana,GHA,1970,55.6
Ghana,GHA,1975,61.7
Ghana,GHA,1980,63.4
Ghana,GHA,1985,57.3
Ghana,GHA,1990,66.9
Ghana,GHA,1995,66.9
Ghana,GHA,2000,81.7
Ghana,GHA,2005,84.8
Ghana,GHA,2010,100
Greece,GRC,1820,7.4
Greece,GRC,1825,8.6
Greece,GRC,1830,10.1
Greece,GRC,1835,11.8
Greece,GRC,1840,13.7
Greece,GRC,1845,15.9
Greece,GRC,1850,18.4
Greece,GRC,1855,21.1
Greece,GRC,1860,24.1
Greece,GRC,1865,25.5
Greece,GRC,1870,30.1
Greece,GRC,1875,33.4
Greece,GRC,1880,36.7
Greece,GRC,1885,34.5
Greece,GRC,1890,39.5
Greece,GRC,1895,41.8
Greece,GRC,1900,45.7
Greece,GRC,1905,48
Greece,GRC,1910,50.2
Greece,GRC,1915,28.4
Greece,GRC,1920,45.9
Greece,GRC,1925,69.2
Greece,GRC,1930,79.7
Greece,GRC,1935,83.4
Greece,GRC,1940,84.5
Greece,GRC,1945,85.6
Greece,GRC,1950,86.7
Greece,GRC,1955,79.8
Greece,GRC,1960,91.8
Greece,GRC,1965,99
Greece,GRC,1970,97
Greece,GRC,1975,97
Greece,GRC,1980,96
Greece,GRC,1985,98.8
Greece,GRC,1990,93
Greece,GRC,1995,94
Greece,GRC,2000,96
Greece,GRC,2005,100
Greece,GRC,2010,100
Guatemala,GTM,1820,1.6
Guatemala,GTM,1825,1.9
Guatemala,GTM,1830,2.3
Guatemala,GTM,1835,2.8
Guatemala,GTM,1840,3.5
Guatemala,GTM,1845,4.2
Guatemala,GTM,1850,5.1
Guatemala,GTM,1855,6.2
Guatemala,GTM,1860,7.5
Guatemala,GTM,1865,9.1
Guatemala,GTM,1870,11
Guatemala,GTM,1875,13.1
Guatemala,GTM,1880,15.7
Guatemala,GTM,1885,18.6
Guatemala,GTM,1890,30.4
Guatemala,GTM,1895,32.9
Guatemala,GTM,1900,21.1
Guatemala,GTM,1905,21.6
Guatemala,GTM,1910,22.1
Guatemala,GTM,1915,25.8
Guatemala,GTM,1920,16.4
Guatemala,GTM,1925,34.5
Guatemala,GTM,1930,26.5
Guatemala,GTM,1935,28.8
Guatemala,GTM,1940,20.1
Guatemala,GTM,1945,29.2
Guatemala,GTM,1950,29.7
Guatemala,GTM,1955,35.1
Guatemala,GTM,1960,38.7
Guatemala,GTM,1965,43
Guatemala,GTM,1970,48
Guatemala,GTM,1975,53
Guatemala,GTM,1980,58
Guatemala,GTM,1985,63.9
Guatemala,GTM,1990,66.4
Guatemala,GTM,1995,73.1
Guatemala,GTM,2000,88.9
Guatemala,GTM,2005,98.9
Guatemala,GTM,2010,100
Guyana,GUY,1820,1.6
Guyana,GUY,1825,2
Guyana,GUY,1830,2.4
Guyana,GUY,1835,2.9
Guyana,GUY,1840,3.6
Guyana,GUY,1845,4.4
Guyana,GUY,1850,5.3
Guyana,GUY,1855,6.5
Guyana,GUY,1860,13.8
Guyana,GUY,1865,16.2
Guyana,GUY,1870,43.2
Guyana,GUY,1875,44.4
Guyana,GUY,1880,53.2
Guyana,GUY,1885,44.1
Guyana,GUY,1890,64.1
Guyana,GUY,1895,64.4
Guyana,GUY,1900,62.4
Guyana,GUY,1905,64.7
Guyana,GUY,1910,81.2
Guyana,GUY,1915,68.4
Guyana,GUY,1920,78.8
Guyana,GUY,1925,80.7
Guyana,GUY,1930,93.2
Guyana,GUY,1935,85.9
Guyana,GUY,1940,91.2
Guyana,GUY,1945,100
Guyana,GUY,1950,100
Guyana,GUY,1955,100
Guyana,GUY,1960,95
Guyana,GUY,1965,98.5
Guyana,GUY,1970,87
Guyana,GUY,1975,84
Guyana,GUY,1980,88.4
Guyana,GUY,1985,91.1
Guyana,GUY,1990,99
Guyana,GUY,1995,89.3
Guyana,GUY,2000,100
Guyana,GUY,2005,100
Guyana,GUY,2010,82.6
Haiti,HTI,1820,0
Haiti,HTI,1825,0
Haiti,HTI,1830,0
Haiti,HTI,1835,0
Haiti,HTI,1840,0
Haiti,HTI,1845,0
Haiti,HTI,1850,0
Haiti,HTI,1855,0
Haiti,HTI,1860,0
Haiti,HTI,1865,0
Haiti,HTI,1870,0
Haiti,HTI,1875,0
Haiti,HTI,1880,0
Haiti,HTI,1885,0
Haiti,HTI,1890,0
Haiti,HTI,1895,0
Haiti,HTI,1900,0
Haiti,HTI,1905,0.3
Haiti,HTI,1910,1.6
Haiti,HTI,1915,2.1
Haiti,HTI,1920,9.6
Haiti,HTI,1925,18.3
Haiti,HTI,1930,21.5
Haiti,HTI,1935,23.4
Haiti,HTI,1940,24.1
Haiti,HTI,1945,20.1
Haiti,HTI,1950,30.6
Haiti,HTI,1955,38.2
Haiti,HTI,1960,22.7
Haiti,HTI,1965,24.6
Haiti,HTI,1970,24.6
Haiti,HTI,1975,29.6
Haiti,HTI,1980,33
Haiti,HTI,1985,44
Haiti,HTI,1990,26
Haiti,HTI,1995,26
Haiti,HTI,2000,97.4
Haiti,HTI,2005,98.4
Haiti,HTI,2010,99.1
Honduras,HND,1820,1.5
Honduras,HND,1825,1.9
Honduras,HND,1830,2.3
Honduras,HND,1835,2.9
Honduras,HND,1840,3.6
Honduras,HND,1845,4.5
Honduras,HND,1850,5.7
Honduras,HND,1855,7
Honduras,HND,1860,8.7
Honduras,HND,1865,10.7
Honduras,HND,1870,13.1
Honduras,HND,1875,16
Honduras,HND,1880,19.3
Honduras,HND,1885,23.2
Honduras,HND,1890,25.7
Honduras,HND,1895,28.6
Honduras,HND,1900,30.3
Honduras,HND,1905,32.1
Honduras,HND,1910,33.2
Honduras,HND,1915,32.7
Honduras,HND,1920,26.9
Honduras,HND,1925,17.7
Honduras,HND,1930,19.1
Honduras,HND,1935,19.4
Honduras,HND,1940,27.2
Honduras,HND,1945,28.3
Honduras,HND,1950,30.8
Honduras,HND,1955,44.8
Honduras,HND,1960,58
Honduras,HND,1965,68
Honduras,HND,1970,73.1
Honduras,HND,1975,73
Honduras,HND,1980,76
Honduras,HND,1985,87
Honduras,HND,1990,93
Honduras,HND,1995,97.7
Honduras,HND,2000,97.4
Honduras,HND,2005,100
Honduras,HND,2010,100
Hong Kong,HKG,1820,0
Hong Kong,HKG,1825,0
Hong Kong,HKG,1830,0
Hong Kong,HKG,1835,0
Hong Kong,HKG,1840,0
Hong Kong,HKG,1845,0
Hong Kong,HKG,1850,0
Hong Kong,HKG,1855,0
Hong Kong,HKG,1860,0.4
Hong Kong,HKG,1865,1.2
Hong Kong,HKG,1870,2.6
Hong Kong,HKG,1875,4.8
Hong Kong,HKG,1880,8.3
Hong Kong,HKG,1885,13.6
Hong Kong,HKG,1890,20.9
Hong Kong,HKG,1895,18.2
Hong Kong,HKG,1900,15.4
Hong Kong,HKG,1905,14.6
Hong Kong,HKG,1910,13.8
Hong Kong,HKG,1915,17.9
Hong Kong,HKG,1920,22
Hong Kong,HKG,1925,37.9
Hong Kong,HKG,1930,53.8
Hong Kong,HKG,1935,55.9
Hong Kong,HKG,1940,44.9
Hong Kong,HKG,1945,48.5
Hong Kong,HKG,1950,35.9
Hong Kong,HKG,1955,29.4
Hong Kong,HKG,1960,59
Hong Kong,HKG,1965,81
Hong Kong,HKG,1970,87
Hong Kong,HKG,1975,92
Hong Kong,HKG,1980,95
Hong Kong,HKG,1985,95
Hong Kong,HKG,1990,97.7
Hong Kong,HKG,1995,94.1
Hong Kong,HKG,2000,97.1
Hong Kong,HKG,2005,95.2
Hong Kong,HKG,2010,97.2
Hungary,HUN,1820,12.7
Hungary,HUN,1825,14.4
Hungary,HUN,1830,16.3
Hungary,HUN,1835,18.4
Hungary,HUN,1840,20.6
Hungary,HUN,1845,23.1
Hungary,HUN,1850,25.8
Hungary,HUN,1855,28.7
Hungary,HUN,1860,32.3
Hungary,HUN,1865,33.6
Hungary,HUN,1870,39
Hungary,HUN,1875,49.9
Hungary,HUN,1880,51.3
Hungary,HUN,1885,57.7
Hungary,HUN,1890,64.2
Hungary,HUN,1895,65.1
Hungary,HUN,1900,64.8
Hungary,HUN,1905,62.5
Hungary,HUN,1910,63
Hungary,HUN,1915,50.5
Hungary,HUN,1920,57.7
Hungary,HUN,1925,47.7
Hungary,HUN,1930,76.6
Hungary,HUN,1935,73.3
Hungary,HUN,1940,91.4
Hungary,HUN,1945,95.4
Hungary,HUN,1950,99.4
Hungary,HUN,1955,93.4
Hungary,HUN,1960,99
Hungary,HUN,1965,97
Hungary,HUN,1970,94
Hungary,HUN,1975,96.4
Hungary,HUN,1980,95
Hungary,HUN,1985,97
Hungary,HUN,1990,87
Hungary,HUN,1995,97
Hungary,HUN,2000,98.9
Hungary,HUN,2005,95.9
Hungary,HUN,2010,100
Iceland,ISL,1820,11.6
Iceland,ISL,1825,12.8
Iceland,ISL,1830,14.2
Iceland,ISL,1835,15.7
Iceland,ISL,1840,17.3
Iceland,ISL,1845,19
Iceland,ISL,1850,20.9
Iceland,ISL,1855,22.9
Iceland,ISL,1860,25
Iceland,ISL,1865,27.3
Iceland,ISL,1870,29.7
Iceland,ISL,1875,32.2
Iceland,ISL,1880,34.8
Iceland,ISL,1885,37.5
Iceland,ISL,1890,40.3
Iceland,ISL,1895,43.1
Iceland,ISL,1900,46
Iceland,ISL,1905,49
Iceland,ISL,1910,51.9
Iceland,ISL,1915,54.8
Iceland,ISL,1920,57.8
Iceland,ISL,1925,66.9
Iceland,ISL,1930,76.1
Iceland,ISL,1935,88.4
Iceland,ISL,1940,100
Iceland,ISL,1945,98.6
Iceland,ISL,1950,95.7
Iceland,ISL,1955,100
Iceland,ISL,1960,100
Iceland,ISL,1965,97
Iceland,ISL,1970,96
Iceland,ISL,1975,99
Iceland,ISL,1980,98
Iceland,ISL,1985,97
Iceland,ISL,1990,100
Iceland,ISL,1995,97
Iceland,ISL,2000,100
Iceland,ISL,2005,98
Iceland,ISL,2010,99
India,IND,1820,0.1
India,IND,1825,0.1
India,IND,1830,0.1
India,IND,1835,0.2
India,IND,1840,0.2
India,IND,1845,0.3
India,IND,1850,0.4
India,IND,1855,0.5
India,IND,1860,0.6
India,IND,1865,1.1
India,IND,1870,1.5
India,IND,1875,3
India,IND,1880,4.5
India,IND,1885,5.5
India,IND,1890,6.1
India,IND,1895,6.8
India,IND,1900,7
India,IND,1905,8
India,IND,1910,9.3
India,IND,1915,10.7
India,IND,1920,12.4
India,IND,1925,14.1
India,IND,1930,16.6
India,IND,1935,17.5
India,IND,1940,19.7
India,IND,1945,19.4
India,IND,1950,32.7
India,IND,1955,40.9
India,IND,1960,47.6
India,IND,1965,57.8
India,IND,1970,57
India,IND,1975,61.7
India,IND,1980,63.2
India,IND,1985,75
India,IND,1990,76.5
India,IND,1995,96
India,IND,2000,92
India,IND,2005,100
India,IND,2010,100
Indonesia,IDN,1820,0
Indonesia,IDN,1825,0
Indonesia,IDN,1830,0
Indonesia,IDN,1835,0
Indonesia,IDN,1840,0.1
Indonesia,IDN,1845,0.1
Indonesia,IDN,1850,0.1
Indonesia,IDN,1855,0.1
Indonesia,IDN,1860,0.2
Indonesia,IDN,1865,0.3
Indonesia,IDN,1870,0.3
Indonesia,IDN,1875,0.5
Indonesia,IDN,1880,0.7
Indonesia,IDN,1885,1.5
Indonesia,IDN,1890,1.7
Indonesia,IDN,1895,1.9
Indonesia,IDN,1900,2.2
Indonesia,IDN,1905,3.1
Indonesia,IDN,1910,4.3
Indonesia,IDN,1915,7.8
Indonesia,IDN,1920,9.2
Indonesia,IDN,1925,13.1
Indonesia,IDN,1930,17.2
Indonesia,IDN,1935,17.1
Indonesia,IDN,1940,25.6
Indonesia,IDN,1945,34.2
Indonesia,IDN,1950,42.7
Indonesia,IDN,1955,57.5
Indonesia,IDN,1960,59.4
Indonesia,IDN,1965,60.3
Indonesia,IDN,1970,67
Indonesia,IDN,1975,72
Indonesia,IDN,1980,88
Indonesia,IDN,1985,99
Indonesia,IDN,1990,98
Indonesia,IDN,1995,97
Indonesia,IDN,2000,100
Indonesia,IDN,2005,100
Indonesia,IDN,2010,100
Iran,IRN,1820,0
Iran,IRN,1825,0
Iran,IRN,1830,0
Iran,IRN,1835,0
Iran,IRN,1840,0
Iran,IRN,1845,0
Iran,IRN,1850,0
Iran,IRN,1855,0
Iran,IRN,1860,0
Iran,IRN,1865,0
Iran,IRN,1870,0.1
Iran,IRN,1875,0.1
Iran,IRN,1880,0.1
Iran,IRN,1885,0.1
Iran,IRN,1890,0.2
Iran,IRN,1895,0.3
Iran,IRN,1900,0.4
Iran,IRN,1905,0.5
Iran,IRN,1910,0.7
Iran,IRN,1915,0.9
Iran,IRN,1920,1.3
Iran,IRN,1925,2.6
Iran,IRN,1930,5.8
Iran,IRN,1935,7.8
Iran,IRN,1940,12.5
Iran,IRN,1945,12.5
Iran,IRN,1950,24.2
Iran,IRN,1955,26.2
Iran,IRN,1960,34
Iran,IRN,1965,38.3
Iran,IRN,1970,60
Iran,IRN,1975,77.6
Iran,IRN,1980,73.7
Iran,IRN,1985,92
Iran,IRN,1990,94
Iran,IRN,1995,81.9
Iran,IRN,2000,95.6
Iran,IRN,2005,98.6
Iran,IRN,2010,100
Iraq,IRQ,1820,0
Iraq,IRQ,1825,0
Iraq,IRQ,1830,0
Iraq,IRQ,1835,0
Iraq,IRQ,1840,0
Iraq,IRQ,1845,0
Iraq,IRQ,1850,0.1
Iraq,IRQ,1855,0.1
Iraq,IRQ,1860,0.1
Iraq,IRQ,1865,0.1
Iraq,IRQ,1870,0.2
Iraq,IRQ,1875,0.2
Iraq,IRQ,1880,0.3
Iraq,IRQ,1885,0.4
Iraq,IRQ,1890,0.6
Iraq,IRQ,1895,0.8
Iraq,IRQ,1900,1.1
Iraq,IRQ,1905,1.5
Iraq,IRQ,1910,2
Iraq,IRQ,1915,2.7
Iraq,IRQ,1920,3.6
Iraq,IRQ,1925,4.8
Iraq,IRQ,1930,6
Iraq,IRQ,1935,9.6
Iraq,IRQ,1940,13.5
Iraq,IRQ,1945,16
Iraq,IRQ,1950,20.5
Iraq,IRQ,1955,30
Iraq,IRQ,1960,48
Iraq,IRQ,1965,58
Iraq,IRQ,1970,55
Iraq,IRQ,1975,79
Iraq,IRQ,1980,100
Iraq,IRQ,1985,86
Iraq,IRQ,1990,94
Iraq,IRQ,1995,68.8
Iraq,IRQ,2000,84.2
Iraq,IRQ,2005,95.7
Iraq,IRQ,2010,97.1
Ireland,IRL,1820,9.8
Ireland,IRL,1825,11.2
Ireland,IRL,1830,12.7
Ireland,IRL,1835,14.5
Ireland,IRL,1840,16.4
Ireland,IRL,1845,18.5
Ireland,IRL,1850,20.8
Ireland,IRL,1855,22
Ireland,IRL,1860,24.6
Ireland,IRL,1865,29.5
Ireland,IRL,1870,32.5
Ireland,IRL,1875,35.6
Ireland,IRL,1880,43.1
Ireland,IRL,1885,50.6
Ireland,IRL,1890,54.2
Ireland,IRL,1895,61.7
Ireland,IRL,1900,60.3
Ireland,IRL,1905,64.6
Ireland,IRL,1910,64.9
Ireland,IRL,1915,67.6
Ireland,IRL,1920,64.4
Ireland,IRL,1925,78.5
Ireland,IRL,1930,87
Ireland,IRL,1935,86.9
Ireland,IRL,1940,82.1
Ireland,IRL,1945,80.7
Ireland,IRL,1950,100
Ireland,IRL,1955,100
Ireland,IRL,1960,75.4
Ireland,IRL,1965,74
Ireland,IRL,1970,92
Ireland,IRL,1975,91
Ireland,IRL,1980,90
Ireland,IRL,1985,81
Ireland,IRL,1990,91
Ireland,IRL,1995,91
Ireland,IRL,2000,100
Ireland,IRL,2005,100
Ireland,IRL,2010,100
Italy,ITA,1820,15.3
Italy,ITA,1825,17.5
Italy,ITA,1830,19.9
Italy,ITA,1835,22.5
Italy,ITA,1840,25.4
Italy,ITA,1845,28.4
Italy,ITA,1850,31.8
Italy,ITA,1855,35.3
Italy,ITA,1860,39
Italy,ITA,1865,37.6
Italy,ITA,1870,49.7
Italy,ITA,1875,57
Italy,ITA,1880,60.4
Italy,ITA,1885,62.4
Italy,ITA,1890,64
Italy,ITA,1895,65.7
Italy,ITA,1900,68.3
Italy,ITA,1905,71.1
Italy,ITA,1910,78.9
Italy,ITA,1915,79.9
Italy,ITA,1920,79.1
Italy,ITA,1925,78.3
Italy,ITA,1930,96.8
Italy,ITA,1935,100
Italy,ITA,1940,100
Italy,ITA,1945,94.8
Italy,ITA,1950,98.6
Italy,ITA,1955,92.7
Italy,ITA,1960,100
Italy,ITA,1965,100
Italy,ITA,1970,100
Italy,ITA,1975,98
Italy,ITA,1980,96.7
Italy,ITA,1985,97
Italy,ITA,1990,92.1
Italy,ITA,1995,98
Italy,ITA,2000,100
Italy,ITA,2005,100
Italy,ITA,2010,100
Jamaica,JAM,1820,6.2
Jamaica,JAM,1825,7.5
Jamaica,JAM,1830,9
Jamaica,JAM,1835,10.8
Jamaica,JAM,1840,12.9
Jamaica,JAM,1845,15.3
Jamaica,JAM,1850,18
Jamaica,JAM,1855,21.2
Jamaica,JAM,1860,24.7
Jamaica,JAM,1865,28.7
Jamaica,JAM,1870,32.9
Jamaica,JAM,1875,46.7
Jamaica,JAM,1880,60.5
Jamaica,JAM,1885,69.6
Jamaica,JAM,1890,78.7
Jamaica,JAM,1895,79.5
Jamaica,JAM,1900,80.3
Jamaica,JAM,1905,74.6
Jamaica,JAM,1910,68.9
Jamaica,JAM,1915,68.7
Jamaica,JAM,1920,63.8
Jamaica,JAM,1925,79.6
Jamaica,JAM,1930,84.1
Jamaica,JAM,1935,88.5
Jamaica,JAM,1940,90.7
Jamaica,JAM,1945,80.4
Jamaica,JAM,1950,100
Jamaica,JAM,1955,100
Jamaica,JAM,1960,85.4
Jamaica,JAM,1965,100
Jamaica,JAM,1970,100
Jamaica,JAM,1975,90
Jamaica,JAM,1980,94
Jamaica,JAM,1985,93.7
Jamaica,JAM,1990,100
Jamaica,JAM,1995,100
Jamaica,JAM,2000,92.1
Jamaica,JAM,2005,93.3
Jamaica,JAM,2010,94.6
Japan,JPN,1820,7.2
Japan,JPN,1825,8.8
Japan,JPN,1830,10.8
Japan,JPN,1835,13.1
Japan,JPN,1840,15.8
Japan,JPN,1845,19
Japan,JPN,1850,22.6
Japan,JPN,1855,26.7
Japan,JPN,1860,31.2
Japan,JPN,1865,36.2
Japan,JPN,1870,41.4
Japan,JPN,1875,59.4
Japan,JPN,1880,70.8
Japan,JPN,1885,93.2
Japan,JPN,1890,86.8
Japan,JPN,1895,100
Japan,JPN,1900,86.2
Japan,JPN,1905,90.5
Japan,JPN,1910,96.6
Japan,JPN,1915,96.6
Japan,JPN,1920,97.5
Japan,JPN,1925,97
Japan,JPN,1930,100
Japan,JPN,1935,100
Japan,JPN,1940,100
Japan,JPN,1945,100
Japan,JPN,1950,100
Japan,JPN,1955,100
Japan,JPN,1960,100
Japan,JPN,1965,100
Japan,JPN,1970,99
Japan,JPN,1975,99
Japan,JPN,1980,100
Japan,JPN,1985,100
Japan,JPN,1990,100
Japan,JPN,1995,100
Japan,JPN,2000,100
Japan,JPN,2005,100
Japan,JPN,2010,100
Jordan,JOR,1820,0
Jordan,JOR,1825,0
Jordan,JOR,1830,0
Jordan,JOR,1835,0
Jordan,JOR,1840,0
Jordan,JOR,1845,0.1
Jordan,JOR,1850,0.1
Jordan,JOR,1855,0.1
Jordan,JOR,1860,0.2
Jordan,JOR,1865,0.3
Jordan,JOR,1870,0.4
Jordan,JOR,1875,0.5
Jordan,JOR,1880,0.7
Jordan,JOR,1885,0.9
Jordan,JOR,1890,1.3
Jordan,JOR,1895,1.8
Jordan,JOR,1900,2.4
Jordan,JOR,1905,3.3
Jordan,JOR,1910,4.5
Jordan,JOR,1915,6.2
Jordan,JOR,1920,8.4
Jordan,JOR,1925,8.2
Jordan,JOR,1930,8.1
Jordan,JOR,1935,9.2
Jordan,JOR,1940,12.7
Jordan,JOR,1945,11.2
Jordan,JOR,1950,34.5
Jordan,JOR,1955,65.3
Jordan,JOR,1960,68.9
Jordan,JOR,1965,85
Jordan,JOR,1970,79.6
Jordan,JOR,1975,78.7
Jordan,JOR,1980,93
Jordan,JOR,1985,91.6
Jordan,JOR,1990,91
Jordan,JOR,1995,89.3
Jordan,JOR,2000,100
Jordan,JOR,2005,100
Jordan,JOR,2010,98.4
Kenya,KEN,1820,0
Kenya,KEN,1825,0
Kenya,KEN,1830,0
Kenya,KEN,1835,0
Kenya,KEN,1840,0
Kenya,KEN,1845,0.1
Kenya,KEN,1850,0.1
Kenya,KEN,1855,0.1
Kenya,KEN,1860,0.1
Kenya,KEN,1865,0.2
Kenya,KEN,1870,0.3
Kenya,KEN,1875,0.4
Kenya,KEN,1880,0.5
Kenya,KEN,1885,0.7
Kenya,KEN,1890,0.9
Kenya,KEN,1895,1.2
Kenya,KEN,1900,1.7
Kenya,KEN,1905,2.3
Kenya,KEN,1910,3.1
Kenya,KEN,1915,4.1
Kenya,KEN,1920,5.5
Kenya,KEN,1925,7.4
Kenya,KEN,1930,9.8
Kenya,KEN,1935,11.3
Kenya,KEN,1940,13.3
Kenya,KEN,1945,23.8
Kenya,KEN,1950,34.7
Kenya,KEN,1955,36.8
Kenya,KEN,1960,41.6
Kenya,KEN,1965,47.7
Kenya,KEN,1970,51.3
Kenya,KEN,1975,84
Kenya,KEN,1980,86
Kenya,KEN,1985,77.7
Kenya,KEN,1990,78.6
Kenya,KEN,1995,73.9
Kenya,KEN,2000,90.4
Kenya,KEN,2005,100
Kenya,KEN,2010,100
Kuwait,KWT,1820,0
Kuwait,KWT,1825,0
Kuwait,KWT,1830,0
Kuwait,KWT,1835,0
Kuwait,KWT,1840,0
Kuwait,KWT,1845,0
Kuwait,KWT,1850,0
Kuwait,KWT,1855,0
Kuwait,KWT,1860,0
Kuwait,KWT,1865,0
Kuwait,KWT,1870,0
Kuwait,KWT,1875,0
Kuwait,KWT,1880,0
Kuwait,KWT,1885,0
Kuwait,KWT,1890,0
Kuwait,KWT,1895,0
Kuwait,KWT,1900,0
Kuwait,KWT,1905,0
Kuwait,KWT,1910,5.1
Kuwait,KWT,1915,9.5
Kuwait,KWT,1920,13.8
Kuwait,KWT,1925,18.2
Kuwait,KWT,1930,22.6
Kuwait,KWT,1935,26.9
Kuwait,KWT,1940,31.3
Kuwait,KWT,1945,38.1
Kuwait,KWT,1950,45
Kuwait,KWT,1955,64.6
Kuwait,KWT,1960,55
Kuwait,KWT,1965,52
Kuwait,KWT,1970,61
Kuwait,KWT,1975,68
Kuwait,KWT,1980,85
Kuwait,KWT,1985,85
Kuwait,KWT,1990,69.8
Kuwait,KWT,1995,70.8
Kuwait,KWT,2000,100
Kuwait,KWT,2005,100
Kuwait,KWT,2010,100
Lesotho,LSO,1820,0
Lesotho,LSO,1825,0
Lesotho,LSO,1830,0
Lesotho,LSO,1835,0.1
Lesotho,LSO,1840,0.2
Lesotho,LSO,1845,0.3
Lesotho,LSO,1850,0.5
Lesotho,LSO,1855,0.7
Lesotho,LSO,1860,1.2
Lesotho,LSO,1865,1.8
Lesotho,LSO,1870,2.7
Lesotho,LSO,1875,4
Lesotho,LSO,1880,5.8
Lesotho,LSO,1885,8.4
Lesotho,LSO,1890,11.8
Lesotho,LSO,1895,14.2
Lesotho,LSO,1900,16.6
Lesotho,LSO,1905,14.5
Lesotho,LSO,1910,12.5
Lesotho,LSO,1915,18.2
Lesotho,LSO,1920,24
Lesotho,LSO,1925,25.3
Lesotho,LSO,1930,26.7
Lesotho,LSO,1935,38.6
Lesotho,LSO,1940,50.4
Lesotho,LSO,1945,54.7
Lesotho,LSO,1950,59
Lesotho,LSO,1955,63
Lesotho,LSO,1960,60
Lesotho,LSO,1965,68
Lesotho,LSO,1970,68
Lesotho,LSO,1975,66
Lesotho,LSO,1980,66
Lesotho,LSO,1985,72
Lesotho,LSO,1990,70
Lesotho,LSO,1995,78
Lesotho,LSO,2000,96.4
Lesotho,LSO,2005,93
Lesotho,LSO,2010,88
Liberia,LBR,1820,0.2
Liberia,LBR,1825,0.3
Liberia,LBR,1830,0.3
Liberia,LBR,1835,0.4
Liberia,LBR,1840,0.5
Liberia,LBR,1845,0.7
Liberia,LBR,1850,0.8
Liberia,LBR,1855,1
Liberia,LBR,1860,1.3
Liberia,LBR,1865,1.7
Liberia,LBR,1870,2.1
Liberia,LBR,1875,2.6
Liberia,LBR,1880,3.3
Liberia,LBR,1885,4.2
Liberia,LBR,1890,5.2
Liberia,LBR,1895,7.8
Liberia,LBR,1900,12.8
Liberia,LBR,1905,15.2
Liberia,LBR,1910,17.6
Liberia,LBR,1915,14.7
Liberia,LBR,1920,10.9
Liberia,LBR,1925,6.1
Liberia,LBR,1930,10.4
Liberia,LBR,1935,8.8
Liberia,LBR,1940,9.4
Liberia,LBR,1945,7.9
Liberia,LBR,1950,15.9
Liberia,LBR,1955,19.2
Liberia,LBR,1960,27.6
Liberia,LBR,1965,36.5
Liberia,LBR,1970,49.8
Liberia,LBR,1975,55.2
Liberia,LBR,1980,67.6
Liberia,LBR,1985,35.6
Liberia,LBR,1990,55
Liberia,LBR,1995,60
Liberia,LBR,2000,100
Liberia,LBR,2005,87.4
Liberia,LBR,2010,94.5
Libya,LBY,1820,0
Libya,LBY,1825,0
Libya,LBY,1830,0
Libya,LBY,1835,0
Libya,LBY,1840,0
Libya,LBY,1845,0
Libya,LBY,1850,0
Libya,LBY,1855,0
Libya,LBY,1860,0
Libya,LBY,1865,0.1
Libya,LBY,1870,0.1
Libya,LBY,1875,0.1
Libya,LBY,1880,0.2
Libya,LBY,1885,0.2
Libya,LBY,1890,0.3
Libya,LBY,1895,0.5
Libya,LBY,1900,0.6
Libya,LBY,1905,0.9
Libya,LBY,1910,1.2
Libya,LBY,1915,1.7
Libya,LBY,1920,2.4
Libya,LBY,1925,3.2
Libya,LBY,1930,4.5
Libya,LBY,1935,6.1
Libya,LBY,1940,8.3
Libya,LBY,1945,11.2
Libya,LBY,1950,14.9
Libya,LBY,1955,28.7
Libya,LBY,1960,45.2
Libya,LBY,1965,57.9
Libya,LBY,1970,90.1
Libya,LBY,1975,100
Libya,LBY,1980,100
Libya,LBY,1985,86.2
Libya,LBY,1990,93
Libya,LBY,1995,95.6
Libya,LBY,2000,97.1
Libya,LBY,2005,98.1
Libya,LBY,2010,98.9
Luxembourg,LUX,1820,0.2
Luxembourg,LUX,1825,0.3
Luxembourg,LUX,1830,0.3
Luxembourg,LUX,1835,0.4
Luxembourg,LUX,1840,0.5
Luxembourg,LUX,1845,0.7
Luxembourg,LUX,1850,0.9
Luxembourg,LUX,1855,1.1
Luxembourg,LUX,1860,1.4
Luxembourg,LUX,1865,1.8
Luxembourg,LUX,1870,2.3
Luxembourg,LUX,1875,2.9
Luxembourg,LUX,1880,3.7
Luxembourg,LUX,1885,4.7
Luxembourg,LUX,1890,6
Luxembourg,LUX,1895,5.9
Luxembourg,LUX,1900,8.7
Luxembourg,LUX,1905,8.5
Luxembourg,LUX,1910,11.2
Luxembourg,LUX,1915,11.9
Luxembourg,LUX,1920,16.8
Luxembourg,LUX,1925,19.8
Luxembourg,LUX,1930,32.5
Luxembourg,LUX,1935,52.9
Luxembourg,LUX,1940,69.9
Luxembourg,LUX,1945,84.9
Luxembourg,LUX,1950,100
Luxembourg,LUX,1955,93.2
Luxembourg,LUX,1960,100
Luxembourg,LUX,1965,100
Luxembourg,LUX,1970,93.3
Luxembourg,LUX,1975,92
Luxembourg,LUX,1980,78.3
Luxembourg,LUX,1985,76.7
Luxembourg,LUX,1990,75
Luxembourg,LUX,1995,97.8
Luxembourg,LUX,2000,95
Luxembourg,LUX,2005,96.6
Luxembourg,LUX,2010,93.3
Malawi,MWI,1820,0
Malawi,MWI,1825,0
Malawi,MWI,1830,0
Malawi,MWI,1835,0
Malawi,MWI,1840,0
Malawi,MWI,1845,0
Malawi,MWI,1850,0
Malawi,MWI,1855,0
Malawi,MWI,1860,0
Malawi,MWI,1865,0
Malawi,MWI,1870,0.1
Malawi,MWI,1875,0.1
Malawi,MWI,1880,0.3
Malawi,MWI,1885,0.4
Malawi,MWI,1890,0.7
Malawi,MWI,1895,1.2
Malawi,MWI,1900,1.9
Malawi,MWI,1905,2.9
Malawi,MWI,1910,4.5
Malawi,MWI,1915,6.8
Malawi,MWI,1920,10.2
Malawi,MWI,1925,14.8
Malawi,MWI,1930,21
Malawi,MWI,1935,28.8
Malawi,MWI,1940,38
Malawi,MWI,1945,48.1
Malawi,MWI,1950,60
Malawi,MWI,1955,58.1
Malawi,MWI,1960,48.3
Malawi,MWI,1965,31.7
Malawi,MWI,1970,32.5
Malawi,MWI,1975,40
Malawi,MWI,1980,44
Malawi,MWI,1985,46
Malawi,MWI,1990,48
Malawi,MWI,1995,100
Malawi,MWI,2000,100
Malawi,MWI,2005,100
Malawi,MWI,2010,100
Malaysia,MYS,1820,0
Malaysia,MYS,1825,0.1
Malaysia,MYS,1830,0.1
Malaysia,MYS,1835,0.1
Malaysia,MYS,1840,0.2
Malaysia,MYS,1845,0.2
Malaysia,MYS,1850,0.3
Malaysia,MYS,1855,0.4
Malaysia,MYS,1860,0.6
Malaysia,MYS,1865,0.8
Malaysia,MYS,1870,1.1
Malaysia,MYS,1875,1.6
Malaysia,MYS,1880,2.1
Malaysia,MYS,1885,2.9
Malaysia,MYS,1890,4
Malaysia,MYS,1895,5.4
Malaysia,MYS,1900,7.4
Malaysia,MYS,1905,9.9
Malaysia,MYS,1910,13.2
Malaysia,MYS,1915,17.3
Malaysia,MYS,1920,22.4
Malaysia,MYS,1925,28.5
Malaysia,MYS,1930,35.5
Malaysia,MYS,1935,43.3
Malaysia,MYS,1940,51.3
Malaysia,MYS,1945,59.4
Malaysia,MYS,1950,67
Malaysia,MYS,1955,52.3
Malaysia,MYS,1960,96
Malaysia,MYS,1965,90
Malaysia,MYS,1970,87
Malaysia,MYS,1975,91
Malaysia,MYS,1980,95
Malaysia,MYS,1985,99
Malaysia,MYS,1990,93
Malaysia,MYS,1995,91
Malaysia,MYS,2000,98
Malaysia,MYS,2005,100
Malaysia,MYS,2010,100
Mali,MLI,1820,0
Mali,MLI,1825,0
Mali,MLI,1830,0
Mali,MLI,1835,0
Mali,MLI,1840,0
Mali,MLI,1845,0
Mali,MLI,1850,0
Mali,MLI,1855,0
Mali,MLI,1860,0
Mali,MLI,1865,0
Mali,MLI,1870,0
Mali,MLI,1875,0
Mali,MLI,1880,0
Mali,MLI,1885,0
Mali,MLI,1890,0
Mali,MLI,1895,0.1
Mali,MLI,1900,0.1
Mali,MLI,1905,0.1
Mali,MLI,1910,0.2
Mali,MLI,1915,0.3
Mali,MLI,1920,0.5
Mali,MLI,1925,0.8
Mali,MLI,1930,1.1
Mali,MLI,1935,1.6
Mali,MLI,1940,1.6
Mali,MLI,1945,2.6
Mali,MLI,1950,3.6
Mali,MLI,1955,4.9
Mali,MLI,1960,6.7
Mali,MLI,1965,16
Mali,MLI,1970,15
Mali,MLI,1975,18
Mali,MLI,1980,17
Mali,MLI,1985,15
Mali,MLI,1990,19
Mali,MLI,1995,24.8
Mali,MLI,2000,51.2
Mali,MLI,2005,65.1
Mali,MLI,2010,78.4
Malta,MLT,1820,2.8
Malta,MLT,1825,3.4
Malta,MLT,1830,4.2
Malta,MLT,1835,5.1
Malta,MLT,1840,6.2
Malta,MLT,1845,7.5
Malta,MLT,1850,9.2
Malta,MLT,1855,11.1
Malta,MLT,1860,13.3
Malta,MLT,1865,15.9
Malta,MLT,1870,19
Malta,MLT,1875,22.4
Malta,MLT,1880,26.3
Malta,MLT,1885,30.6
Malta,MLT,1890,35.3
Malta,MLT,1895,48.2
Malta,MLT,1900,61
Malta,MLT,1905,69.5
Malta,MLT,1910,78
Malta,MLT,1915,72.9
Malta,MLT,1920,67.9
Malta,MLT,1925,79.1
Malta,MLT,1930,90.4
Malta,MLT,1935,95.2
Malta,MLT,1940,100
Malta,MLT,1945,100
Malta,MLT,1950,100
Malta,MLT,1955,100
Malta,MLT,1960,76
Malta,MLT,1965,79
Malta,MLT,1970,88
Malta,MLT,1975,84
Malta,MLT,1980,87
Malta,MLT,1985,89
Malta,MLT,1990,99
Malta,MLT,1995,100
Malta,MLT,2000,94.1
Malta,MLT,2005,94.5
Malta,MLT,2010,94.2
Mauritius,MUS,1820,1
Mauritius,MUS,1825,1.3
Mauritius,MUS,1830,1.7
Mauritius,MUS,1835,2.2
Mauritius,MUS,1840,2.8
Mauritius,MUS,1845,3.7
Mauritius,MUS,1850,4.7
Mauritius,MUS,1855,6
Mauritius,MUS,1860,7.6
Mauritius,MUS,1865,9.7
Mauritius,MUS,1870,12.2
Mauritius,MUS,1875,16.5
Mauritius,MUS,1880,20.9
Mauritius,MUS,1885,25.1
Mauritius,MUS,1890,29.4
Mauritius,MUS,1895,29.4
Mauritius,MUS,1900,29.4
Mauritius,MUS,1905,31.4
Mauritius,MUS,1910,33.4
Mauritius,MUS,1915,38.1
Mauritius,MUS,1920,44.8
Mauritius,MUS,1925,52
Mauritius,MUS,1930,50.1
Mauritius,MUS,1935,52.7
Mauritius,MUS,1940,52.6
Mauritius,MUS,1945,52.7
Mauritius,MUS,1950,75.5
Mauritius,MUS,1955,91.9
Mauritius,MUS,1960,76.7
Mauritius,MUS,1965,79
Mauritius,MUS,1970,72.8
Mauritius,MUS,1975,82
Mauritius,MUS,1980,93
Mauritius,MUS,1985,97
Mauritius,MUS,1990,92
Mauritius,MUS,1995,98.4
Mauritius,MUS,2000,100
Mauritius,MUS,2005,100
Mauritius,MUS,2010,100
Mexico,MEX,1820,3.1
Mexico,MEX,1825,3.9
Mexico,MEX,1830,4.9
Mexico,MEX,1835,6.1
Mexico,MEX,1840,7.6
Mexico,MEX,1845,9.5
Mexico,MEX,1850,11.7
Mexico,MEX,1855,14.4
Mexico,MEX,1860,17.6
Mexico,MEX,1865,21.3
Mexico,MEX,1870,25.6
Mexico,MEX,1875,27.1
Mexico,MEX,1880,28.5
Mexico,MEX,1885,30
Mexico,MEX,1890,31.7
Mexico,MEX,1895,33.4
Mexico,MEX,1900,35.1
Mexico,MEX,1905,34.5
Mexico,MEX,1910,33.4
Mexico,MEX,1915,35.4
Mexico,MEX,1920,29.6
Mexico,MEX,1925,61.9
Mexico,MEX,1930,86
Mexico,MEX,1935,65.1
Mexico,MEX,1940,66
Mexico,MEX,1945,69
Mexico,MEX,1950,62.6
Mexico,MEX,1955,73.1
Mexico,MEX,1960,58.3
Mexico,MEX,1965,67
Mexico,MEX,1970,81
Mexico,MEX,1975,87.6
Mexico,MEX,1980,99.3
Mexico,MEX,1985,98
Mexico,MEX,1990,100
Mexico,MEX,1995,100
Mexico,MEX,2000,99.4
Mexico,MEX,2005,97.3
Mexico,MEX,2010,100
Morocco,MAR,1820,0
Morocco,MAR,1825,0
Morocco,MAR,1830,0
Morocco,MAR,1835,0
Morocco,MAR,1840,0
Morocco,MAR,1845,0
Morocco,MAR,1850,0
Morocco,MAR,1855,0
Morocco,MAR,1860,0
Morocco,MAR,1865,0
Morocco,MAR,1870,0.1
Morocco,MAR,1875,0.1
Morocco,MAR,1880,0.1
Morocco,MAR,1885,0.2
Morocco,MAR,1890,0.2
Morocco,MAR,1895,0.3
Morocco,MAR,1900,0.4
Morocco,MAR,1905,0.5
Morocco,MAR,1910,0.7
Morocco,MAR,1915,1
Morocco,MAR,1920,1.5
Morocco,MAR,1925,2.1
Morocco,MAR,1930,3.5
Morocco,MAR,1935,4.6
Morocco,MAR,1940,5.2
Morocco,MAR,1945,6.1
Morocco,MAR,1950,16
Morocco,MAR,1955,24.4
Morocco,MAR,1960,30.5
Morocco,MAR,1965,37
Morocco,MAR,1970,40
Morocco,MAR,1975,47
Morocco,MAR,1980,58
Morocco,MAR,1985,64
Morocco,MAR,1990,57
Morocco,MAR,1995,70.6
Morocco,MAR,2000,80.6
Morocco,MAR,2005,91.6
Morocco,MAR,2010,100
Mozambique,MOZ,1820,0
Mozambique,MOZ,1825,0
Mozambique,MOZ,1830,0
Mozambique,MOZ,1835,0
Mozambique,MOZ,1840,0
Mozambique,MOZ,1845,0
Mozambique,MOZ,1850,0.1
Mozambique,MOZ,1855,0.1
Mozambique,MOZ,1860,0.1
Mozambique,MOZ,1865,0.1
Mozambique,MOZ,1870,0.2
Mozambique,MOZ,1875,0.2
Mozambique,MOZ,1880,0.3
Mozambique,MOZ,1885,0.4
Mozambique,MOZ,1890,0.5
Mozambique,MOZ,1895,0.7
Mozambique,MOZ,1900,0.9
Mozambique,MOZ,1905,1.2
Mozambique,MOZ,1910,1.6
Mozambique,MOZ,1915,2.1
Mozambique,MOZ,1920,2.7
Mozambique,MOZ,1925,3.5
Mozambique,MOZ,1930,4.4
Mozambique,MOZ,1935,4.7
Mozambique,MOZ,1940,8
Mozambique,MOZ,1945,9.8
Mozambique,MOZ,1950,16.3
Mozambique,MOZ,1955,24.6
Mozambique,MOZ,1960,36.3
Mozambique,MOZ,1965,28
Mozambique,MOZ,1970,31.2
Mozambique,MOZ,1975,49.8
Mozambique,MOZ,1980,36
Mozambique,MOZ,1985,49
Mozambique,MOZ,1990,44
Mozambique,MOZ,1995,43.8
Mozambique,MOZ,2000,56.6
Mozambique,MOZ,2005,90.5
Mozambique,MOZ,2010,100
Myanmar,MMR,1820,0
Myanmar,MMR,1825,0.1
Myanmar,MMR,1830,0.2
Myanmar,MMR,1835,0.3
Myanmar,MMR,1840,0.6
Myanmar,MMR,1845,1
Myanmar,MMR,1850,1.5
Myanmar,MMR,1855,2.3
Myanmar,MMR,1860,3.5
Myanmar,MMR,1865,5.2
Myanmar,MMR,1870,7.4
Myanmar,MMR,1875,12.5
Myanmar,MMR,1880,17.5
Myanmar,MMR,1885,16.7
Myanmar,MMR,1890,15.9
Myanmar,MMR,1895,18.7
Myanmar,MMR,1900,21.5
Myanmar,MMR,1905,23.2
Myanmar,MMR,1910,24.9
Myanmar,MMR,1915,27.2
Myanmar,MMR,1920,25.1
Myanmar,MMR,1925,20.4
Myanmar,MMR,1930,25.6
Myanmar,MMR,1935,15.9
Myanmar,MMR,1940,19.5
Myanmar,MMR,1945,11.3
Myanmar,MMR,1950,19.9
Myanmar,MMR,1955,54.6
Myanmar,MMR,1960,38.6
Myanmar,MMR,1965,49
Myanmar,MMR,1970,63
Myanmar,MMR,1975,64
Myanmar,MMR,1980,72.8
Myanmar,MMR,1985,79.2
Myanmar,MMR,1990,84
Myanmar,MMR,1995,79
Myanmar,MMR,2000,97.5
Myanmar,MMR,2005,100
Myanmar,MMR,2010,100
Nepal,NPL,1820,0
Nepal,NPL,1825,0
Nepal,NPL,1830,0
Nepal,NPL,1835,0
Nepal,NPL,1840,0
Nepal,NPL,1845,0
Nepal,NPL,1850,0
Nepal,NPL,1855,0
Nepal,NPL,1860,0
Nepal,NPL,1865,0
Nepal,NPL,1870,0
Nepal,NPL,1875,0
Nepal,NPL,1880,0
Nepal,NPL,1885,0
Nepal,NPL,1890,0
Nepal,NPL,1895,0
Nepal,NPL,1900,0
Nepal,NPL,1905,0
Nepal,NPL,1910,0.1
Nepal,NPL,1915,0.1
Nepal,NPL,1920,0.2
Nepal,NPL,1925,0.3
Nepal,NPL,1930,0.4
Nepal,NPL,1935,0.7
Nepal,NPL,1940,1
Nepal,NPL,1945,1.5
Nepal,NPL,1950,3.5
Nepal,NPL,1955,4.7
Nepal,NPL,1960,7.1
Nepal,NPL,1965,14.2
Nepal,NPL,1970,18.4
Nepal,NPL,1975,36.2
Nepal,NPL,1980,58.8
Nepal,NPL,1985,56
Nepal,NPL,1990,70.2
Nepal,NPL,1995,86.9
Nepal,NPL,2000,94.7
Nepal,NPL,2005,92.3
Nepal,NPL,2010,100
Netherlands,NLD,1820,65.2
Netherlands,NLD,1825,67.1
Netherlands,NLD,1830,69
Netherlands,NLD,1835,70.8
Netherlands,NLD,1840,72.6
Netherlands,NLD,1845,74.3
Netherlands,NLD,1850,75.9
Netherlands,NLD,1855,71.7
Netherlands,NLD,1860,74.1
Netherlands,NLD,1865,76.5
Netherlands,NLD,1870,80.1
Netherlands,NLD,1875,81.4
Netherlands,NLD,1880,80.2
Netherlands,NLD,1885,81.8
Netherlands,NLD,1890,83.1
Netherlands,NLD,1895,83.4
Netherlands,NLD,1900,83.5
Netherlands,NLD,1905,87.4
Netherlands,NLD,1910,88.3
Netherlands,NLD,1915,89.5
Netherlands,NLD,1920,89.4
Netherlands,NLD,1925,89
Netherlands,NLD,1930,92.8
Netherlands,NLD,1935,88.9
Netherlands,NLD,1940,88.9
Netherlands,NLD,1945,91.4
Netherlands,NLD,1950,88.6
Netherlands,NLD,1955,88
Netherlands,NLD,1960,95.7
Netherlands,NLD,1965,94.8
Netherlands,NLD,1970,93
Netherlands,NLD,1975,91
Netherlands,NLD,1980,93
Netherlands,NLD,1985,100
Netherlands,NLD,1990,95
Netherlands,NLD,1995,99
Netherlands,NLD,2000,99
Netherlands,NLD,2005,98
Netherlands,NLD,2010,100
New Zealand,NZL,1820,56.3
New Zealand,NZL,1825,59
New Zealand,NZL,1830,61.7
New Zealand,NZL,1835,64.3
New Zealand,NZL,1840,66.8
New Zealand,NZL,1845,69.2
New Zealand,NZL,1850,71.6
New Zealand,NZL,1855,73.8
New Zealand,NZL,1860,76
New Zealand,NZL,1865,78
New Zealand,NZL,1870,79.9
New Zealand,NZL,1875,81.6
New Zealand,NZL,1880,99.7
New Zealand,NZL,1885,100
New Zealand,NZL,1890,98.4
New Zealand,NZL,1895,94.7
New Zealand,NZL,1900,95.7
New Zealand,NZL,1905,99.3
New Zealand,NZL,1910,100
New Zealand,NZL,1915,100
New Zealand,NZL,1920,100
New Zealand,NZL,1925,100
New Zealand,NZL,1930,91.9
New Zealand,NZL,1935,93.4
New Zealand,NZL,1940,90.4
New Zealand,NZL,1945,95.2
New Zealand,NZL,1950,95.4
New Zealand,NZL,1955,94.4
New Zealand,NZL,1960,77
New Zealand,NZL,1965,78
New Zealand,NZL,1970,100
New Zealand,NZL,1975,100
New Zealand,NZL,1980,100
New Zealand,NZL,1985,100
New Zealand,NZL,1990,100
New Zealand,NZL,1995,100
New Zealand,NZL,2000,96
New Zealand,NZL,2005,97
New Zealand,NZL,2010,98
Nicaragua,NIC,1820,1
Nicaragua,NIC,1825,1.2
Nicaragua,NIC,1830,1.6
Nicaragua,NIC,1835,2
Nicaragua,NIC,1840,2.5
Nicaragua,NIC,1845,3.1
Nicaragua,NIC,1850,3.9
Nicaragua,NIC,1855,4.9
Nicaragua,NIC,1860,6.2
Nicaragua,NIC,1865,7.7
Nicaragua,NIC,1870,9.5
Nicaragua,NIC,1875,11.8
Nicaragua,NIC,1880,14.4
Nicaragua,NIC,1885,17.6
Nicaragua,NIC,1890,18.1
Nicaragua,NIC,1895,18.7
Nicaragua,NIC,1900,19.2
Nicaragua,NIC,1905,17.8
Nicaragua,NIC,1910,16.4
Nicaragua,NIC,1915,26.1
Nicaragua,NIC,1920,23.5
Nicaragua,NIC,1925,23
Nicaragua,NIC,1930,25.1
Nicaragua,NIC,1935,27.2
Nicaragua,NIC,1940,29.3
Nicaragua,NIC,1945,34.9
Nicaragua,NIC,1950,40.6
Nicaragua,NIC,1955,52.2
Nicaragua,NIC,1960,62.2
Nicaragua,NIC,1965,65
Nicaragua,NIC,1970,65
Nicaragua,NIC,1975,65
Nicaragua,NIC,1980,74
Nicaragua,NIC,1985,76
Nicaragua,NIC,1990,76
Nicaragua,NIC,1995,91.3
Nicaragua,NIC,2000,95.8
Nicaragua,NIC,2005,100
Nicaragua,NIC,2010,100
Niger,NER,1820,0
Niger,NER,1825,0
Niger,NER,1830,0
Niger,NER,1835,0
Niger,NER,1840,0
Niger,NER,1845,0
Niger,NER,1850,0
Niger,NER,1855,0
Niger,NER,1860,0
Niger,NER,1865,0
Niger,NER,1870,0
Niger,NER,1875,0
Niger,NER,1880,0
Niger,NER,1885,0
Niger,NER,1890,0
Niger,NER,1895,0
Niger,NER,1900,0.1
Niger,NER,1905,0.1
Niger,NER,1910,0.1
Niger,NER,1915,0.1
Niger,NER,1920,0.2
Niger,NER,1925,0.2
Niger,NER,1930,0.3
Niger,NER,1935,0.3
Niger,NER,1940,0.7
Niger,NER,1945,1
Niger,NER,1950,1.3
Niger,NER,1955,2.6
Niger,NER,1960,4.2
Niger,NER,1965,9.4
Niger,NER,1970,11.9
Niger,NER,1975,17
Niger,NER,1980,21
Niger,NER,1985,27
Niger,NER,1990,25
Niger,NER,1995,24.9
Niger,NER,2000,29.9
Niger,NER,2005,47.3
Niger,NER,2010,62.1
Norway,NOR,1820,48.5
Norway,NOR,1825,51.3
Norway,NOR,1830,54.1
Norway,NOR,1835,56.8
Norway,NOR,1840,59.5
Norway,NOR,1845,62.2
Norway,NOR,1850,64.8
Norway,NOR,1855,67.3
Norway,NOR,1860,69.7
Norway,NOR,1865,72
Norway,NOR,1870,74.2
Norway,NOR,1875,76.3
Norway,NOR,1880,78.3
Norway,NOR,1885,80.2
Norway,NOR,1890,91.5
Norway,NOR,1895,97.8
Norway,NOR,1900,96
Norway,NOR,1905,98.1
Norway,NOR,1910,98.2
Norway,NOR,1915,99.5
Norway,NOR,1920,99.3
Norway,NOR,1925,100
Norway,NOR,1930,100
Norway,NOR,1935,100
Norway,NOR,1940,100
Norway,NOR,1945,99
Norway,NOR,1950,100
Norway,NOR,1955,100
Norway,NOR,1960,87.7
Norway,NOR,1965,100
Norway,NOR,1970,89
Norway,NOR,1975,100
Norway,NOR,1980,98
Norway,NOR,1985,97
Norway,NOR,1990,99
Norway,NOR,1995,99
Norway,NOR,2000,100
Norway,NOR,2005,99
Norway,NOR,2010,99
Pakistan,PAK,1820,0
Pakistan,PAK,1825,0
Pakistan,PAK,1830,0
Pakistan,PAK,1835,0
Pakistan,PAK,1840,0
Pakistan,PAK,1845,0
Pakistan,PAK,1850,0.1
Pakistan,PAK,1855,0.1
Pakistan,PAK,1860,0.1
Pakistan,PAK,1865,0.1
Pakistan,PAK,1870,0.2
Pakistan,PAK,1875,0.2
Pakistan,PAK,1880,0.3
Pakistan,PAK,1885,0.4
Pakistan,PAK,1890,0.5
Pakistan,PAK,1895,0.7
Pakistan,PAK,1900,0.9
Pakistan,PAK,1905,1.1
Pakistan,PAK,1910,1.5
Pakistan,PAK,1915,1.9
Pakistan,PAK,1920,2.5
Pakistan,PAK,1925,3.2
Pakistan,PAK,1930,4.1
Pakistan,PAK,1935,5.3
Pakistan,PAK,1940,6.9
Pakistan,PAK,1945,8.8
Pakistan,PAK,1950,21.8
Pakistan,PAK,1955,27.2
Pakistan,PAK,1960,22
Pakistan,PAK,1965,33
Pakistan,PAK,1970,33
Pakistan,PAK,1975,38
Pakistan,PAK,1980,35.5
Pakistan,PAK,1985,37.1
Pakistan,PAK,1990,38
Pakistan,PAK,1995,61
Pakistan,PAK,2000,67.9
Pakistan,PAK,2005,81.4
Pakistan,PAK,2010,90.9
Panama,PAN,1820,0.5
Panama,PAN,1825,0.6
Panama,PAN,1830,0.8
Panama,PAN,1835,1
Panama,PAN,1840,1.2
Panama,PAN,1845,1.6
Panama,PAN,1850,2
Panama,PAN,1855,2.6
Panama,PAN,1860,3.3
Panama,PAN,1865,4.1
Panama,PAN,1870,5.3
Panama,PAN,1875,6.6
Panama,PAN,1880,8.3
Panama,PAN,1885,10.4
Panama,PAN,1890,13
Panama,PAN,1895,16
Panama,PAN,1900,19.6
Panama,PAN,1905,23.8
Panama,PAN,1910,24.7
Panama,PAN,1915,22.5
Panama,PAN,1920,37.6
Panama,PAN,1925,45.5
Panama,PAN,1930,53.5
Panama,PAN,1935,49.4
Panama,PAN,1940,58.9
Panama,PAN,1945,56.2
Panama,PAN,1950,72
Panama,PAN,1955,78.6
Panama,PAN,1960,81
Panama,PAN,1965,85
Panama,PAN,1970,79
Panama,PAN,1975,87
Panama,PAN,1980,88
Panama,PAN,1985,89
Panama,PAN,1990,92
Panama,PAN,1995,95.4
Panama,PAN,2000,98.7
Panama,PAN,2005,99.1
Panama,PAN,2010,96.4
Paraguay,PRY,1820,0.4
Paraguay,PRY,1825,0.5
Paraguay,PRY,1830,0.6
Paraguay,PRY,1835,0.8
Paraguay,PRY,1840,1
Paraguay,PRY,1845,1.3
Paraguay,PRY,1850,1.6
Paraguay,PRY,1855,2.1
Paraguay,PRY,1860,2.6
Paraguay,PRY,1865,3.3
Paraguay,PRY,1870,4.2
Paraguay,PRY,1875,5.4
Paraguay,PRY,1880,6.7
Paraguay,PRY,1885,8.5
Paraguay,PRY,1890,15.7
Paraguay,PRY,1895,18.6
Paraguay,PRY,1900,19.8
Paraguay,PRY,1905,20.6
Paraguay,PRY,1910,21.3
Paraguay,PRY,1915,40.2
Paraguay,PRY,1920,34.9
Paraguay,PRY,1925,35.3
Paraguay,PRY,1930,44.4
Paraguay,PRY,1935,38.5
Paraguay,PRY,1940,60.1
Paraguay,PRY,1945,58.5
Paraguay,PRY,1950,66.4
Paraguay,PRY,1955,82
Paraguay,PRY,1960,79.7
Paraguay,PRY,1965,83
Paraguay,PRY,1970,89
Paraguay,PRY,1975,85
Paraguay,PRY,1980,87
Paraguay,PRY,1985,86
Paraguay,PRY,1990,95
Paraguay,PRY,1995,99.2
Paraguay,PRY,2000,100
Paraguay,PRY,2005,100
Paraguay,PRY,2010,92.4
Peru,PER,1820,0
Peru,PER,1825,0
Peru,PER,1830,0
Peru,PER,1835,0.1
Peru,PER,1840,0.2
Peru,PER,1845,0.3
Peru,PER,1850,0.4
Peru,PER,1855,0.7
Peru,PER,1860,1
Peru,PER,1865,1.6
Peru,PER,1870,2.3
Peru,PER,1875,3.4
Peru,PER,1880,4.9
Peru,PER,1885,7
Peru,PER,1890,9.9
Peru,PER,1895,15.4
Peru,PER,1900,15.7
Peru,PER,1905,24.6
Peru,PER,1910,21.8
Peru,PER,1915,23.2
Peru,PER,1920,25.7
Peru,PER,1925,28.6
Peru,PER,1930,38.2
Peru,PER,1935,47.8
Peru,PER,1940,55.6
Peru,PER,1945,64.4
Peru,PER,1950,68.8
Peru,PER,1955,66.2
Peru,PER,1960,54.5
Peru,PER,1965,65
Peru,PER,1970,77
Peru,PER,1975,83.3
Peru,PER,1980,86
Peru,PER,1985,97
Peru,PER,1990,100
Peru,PER,1995,91
Peru,PER,2000,100
Peru,PER,2005,100
Peru,PER,2010,100
Philippines,PHL,1820,0.2
Philippines,PHL,1825,0.3
Philippines,PHL,1830,0.4
Philippines,PHL,1835,0.5
Philippines,PHL,1840,0.6
Philippines,PHL,1845,0.9
Philippines,PHL,1850,1.2
Philippines,PHL,1855,1.5
Philippines,PHL,1860,2.1
Philippines,PHL,1865,2.7
Philippines,PHL,1870,3.6
Philippines,PHL,1875,4.8
Philippines,PHL,1880,6.3
Philippines,PHL,1885,8.3
Philippines,PHL,1890,10.8
Philippines,PHL,1895,14
Philippines,PHL,1900,17.9
Philippines,PHL,1905,40.5
Philippines,PHL,1910,59.3
Philippines,PHL,1915,55.7
Philippines,PHL,1920,74
Philippines,PHL,1925,76.5
Philippines,PHL,1930,73.9
Philippines,PHL,1935,67.6
Philippines,PHL,1940,100
Philippines,PHL,1945,100
Philippines,PHL,1950,100
Philippines,PHL,1955,100
Philippines,PHL,1960,84.1
Philippines,PHL,1965,100
Philippines,PHL,1970,95.7
Philippines,PHL,1975,95
Philippines,PHL,1980,94
Philippines,PHL,1985,95
Philippines,PHL,1990,100
Philippines,PHL,1995,100
Philippines,PHL,2000,100
Philippines,PHL,2005,100
Philippines,PHL,2010,100
Poland,POL,1820,17.7
Poland,POL,1825,19.4
Poland,POL,1830,21.1
Poland,POL,1835,22.9
Poland,POL,1840,24.8
Poland,POL,1845,26.9
Poland,POL,1850,29
Poland,POL,1855,31.3
Poland,POL,1860,33.6
Poland,POL,1865,36
Poland,POL,1870,38.5
Poland,POL,1875,41.1
Poland,POL,1880,43.7
Poland,POL,1885,46.3
Poland,POL,1890,49
Poland,POL,1895,51.7
Poland,POL,1900,54.4
Poland,POL,1905,57
Poland,POL,1910,59.6
Poland,POL,1915,62.2
Poland,POL,1920,64.7
Poland,POL,1925,70.1
Poland,POL,1930,81.7
Poland,POL,1935,99
Poland,POL,1940,86
Poland,POL,1945,83.6
Poland,POL,1950,100
Poland,POL,1955,90.6
Poland,POL,1960,92.2
Poland,POL,1965,88
Poland,POL,1970,95
Poland,POL,1975,96
Poland,POL,1980,98
Poland,POL,1985,99
Poland,POL,1990,97
Poland,POL,1995,94.1
Poland,POL,2000,98.2
Poland,POL,2005,96.3
Poland,POL,2010,97.2
Portugal,PRT,1820,3.1
Portugal,PRT,1825,3.7
Portugal,PRT,1830,4.5
Portugal,PRT,1835,5.4
Portugal,PRT,1840,6.4
Portugal,PRT,1845,7.7
Portugal,PRT,1850,9.2
Portugal,PRT,1855,13.5
Portugal,PRT,1860,17.9
Portugal,PRT,1865,22.2
Portugal,PRT,1870,26.5
Portugal,PRT,1875,32.5
Portugal,PRT,1880,38.4
Portugal,PRT,1885,44.4
Portugal,PRT,1890,41.8
Portugal,PRT,1895,39.3
Portugal,PRT,1900,36.7
Portugal,PRT,1905,38
Portugal,PRT,1910,39.2
Portugal,PRT,1915,40.5
Portugal,PRT,1920,41.8
Portugal,PRT,1925,43
Portugal,PRT,1930,55.3
Portugal,PRT,1935,54.9
Portugal,PRT,1940,65.9
Portugal,PRT,1945,66.1
Portugal,PRT,1950,77.2
Portugal,PRT,1955,92.7
Portugal,PRT,1960,99
Portugal,PRT,1965,77
Portugal,PRT,1970,83
Portugal,PRT,1975,87
Portugal,PRT,1980,97
Portugal,PRT,1985,91.7
Portugal,PRT,1990,97
Portugal,PRT,1995,100
Portugal,PRT,2000,100
Portugal,PRT,2005,100
Portugal,PRT,2010,100
Reunion,REU,1820,1.4
Reunion,REU,1825,1.8
Reunion,REU,1830,2.3
Reunion,REU,1835,3
Reunion,REU,1840,3.9
Reunion,REU,1845,5
Reunion,REU,1850,6.4
Reunion,REU,1855,8.1
Reunion,REU,1860,10.3
Reunion,REU,1865,12.9
Reunion,REU,1870,16.2
Reunion,REU,1875,20.1
Reunion,REU,1880,24.6
Reunion,REU,1885,29.8
Reunion,REU,1890,35.5
Reunion,REU,1895,41.7
Reunion,REU,1900,48.3
Reunion,REU,1905,47.6
Reunion,REU,1910,47
Reunion,REU,1915,53.9
Reunion,REU,1920,60.7
Reunion,REU,1925,53.4
Reunion,REU,1930,46
Reunion,REU,1935,64.8
Reunion,REU,1940,83.5
Reunion,REU,1945,95.3
Reunion,REU,1950,100
Reunion,REU,1955,100
Reunion,REU,1960,69.5
Reunion,REU,1965,78.2
Reunion,REU,1970,77.8
Reunion,REU,1975,76.7
Reunion,REU,1980,78.8
Reunion,REU,1985,83
Reunion,REU,1990,86.5
Reunion,REU,1995,89.5
Reunion,REU,2000,91.9
Reunion,REU,2005,93.8
Reunion,REU,2010,95.4
Romania,ROU,1820,1.8
Romania,ROU,1825,2.1
Romania,ROU,1830,2.4
Romania,ROU,1835,2.8
Romania,ROU,1840,3.2
Romania,ROU,1845,3.8
Romania,ROU,1850,4.3
Romania,ROU,1855,5
Romania,ROU,1860,5.8
Romania,ROU,1865,6.7
Romania,ROU,1870,7.7
Romania,ROU,1875,8.9
Romania,ROU,1880,10.2
Romania,ROU,1885,12.5
Romania,ROU,1890,17.2
Romania,ROU,1895,22.7
Romania,ROU,1900,55.6
Romania,ROU,1905,41.6
Romania,ROU,1910,76.4
Romania,ROU,1915,54.7
Romania,ROU,1920,65
Romania,ROU,1925,71.7
Romania,ROU,1930,78.6
Romania,ROU,1935,100
Romania,ROU,1940,100
Romania,ROU,1945,77.6
Romania,ROU,1950,78.8
Romania,ROU,1955,64.7
Romania,ROU,1960,83.1
Romania,ROU,1965,86.5
Romania,ROU,1970,95
Romania,ROU,1975,90.7
Romania,ROU,1980,86.5
Romania,ROU,1985,83.1
Romania,ROU,1990,78
Romania,ROU,1995,96
Romania,ROU,2000,89.9
Romania,ROU,2005,100
Romania,ROU,2010,95.3
Russia,RUS,1820,3
Russia,RUS,1825,3.1
Russia,RUS,1830,3.3
Russia,RUS,1835,3.4
Russia,RUS,1840,3.7
Russia,RUS,1845,3.9
Russia,RUS,1850,4.6
Russia,RUS,1855,5.1
Russia,RUS,1860,7.4
Russia,RUS,1865,9.7
Russia,RUS,1870,9.8
Russia,RUS,1875,11
Russia,RUS,1880,11.8
Russia,RUS,1885,15.8
Russia,RUS,1890,19.6
Russia,RUS,1895,38.1
Russia,RUS,1900,36.6
Russia,RUS,1905,41.7
Russia,RUS,1910,42.8
Russia,RUS,1915,43.7
Russia,RUS,1920,39.9
Russia,RUS,1925,72
Russia,RUS,1930,100
Russia,RUS,1935,100
Russia,RUS,1940,100
Russia,RUS,1945,100
Russia,RUS,1950,100
Russia,RUS,1955,87.5
Russia,RUS,1960,92.2
Russia,RUS,1965,97
Russia,RUS,1970,100
Russia,RUS,1975,96
Russia,RUS,1980,100
Russia,RUS,1985,100
Russia,RUS,1990,86.1
Russia,RUS,1995,100
Russia,RUS,2000,100
Russia,RUS,2005,94.5
Russia,RUS,2010,98.4
Senegal,SEN,1820,0
Senegal,SEN,1825,0
Senegal,SEN,1830,0
Senegal,SEN,1835,0
Senegal,SEN,1840,0
Senegal,SEN,1845,0
Senegal,SEN,1850,0.1
Senegal,SEN,1855,0.1
Senegal,SEN,1860,0.1
Senegal,SEN,1865,0.1
Senegal,SEN,1870,0.2
Senegal,SEN,1875,0.2
Senegal,SEN,1880,0.3
Senegal,SEN,1885,0.3
Senegal,SEN,1890,0.4
Senegal,SEN,1895,0.6
Senegal,SEN,1900,0.7
Senegal,SEN,1905,0.9
Senegal,SEN,1910,1.2
Senegal,SEN,1915,1.6
Senegal,SEN,1920,2
Senegal,SEN,1925,2.6
Senegal,SEN,1930,3.4
Senegal,SEN,1935,4.4
Senegal,SEN,1940,4.6
Senegal,SEN,1945,6.9
Senegal,SEN,1950,9.3
Senegal,SEN,1955,14.7
Senegal,SEN,1960,19.8
Senegal,SEN,1965,29.3
Senegal,SEN,1970,30
Senegal,SEN,1975,30
Senegal,SEN,1980,37
Senegal,SEN,1985,44
Senegal,SEN,1990,48
Senegal,SEN,1995,54.6
Senegal,SEN,2000,58.7
Senegal,SEN,2005,71.4
Senegal,SEN,2010,78.7
Serbia,SRB,1820,0.5
Serbia,SRB,1825,0.6
Serbia,SRB,1830,0.7
Serbia,SRB,1835,0.9
Serbia,SRB,1840,1.1
Serbia,SRB,1845,1.3
Serbia,SRB,1850,1.6
Serbia,SRB,1855,1.9
Serbia,SRB,1860,2.3
Serbia,SRB,1865,2.8
Serbia,SRB,1870,3.4
Serbia,SRB,1875,6.2
Serbia,SRB,1880,8.9
Serbia,SRB,1885,11.7
Serbia,SRB,1890,14.4
Serbia,SRB,1895,16.8
Serbia,SRB,1900,19.2
Serbia,SRB,1905,21.3
Serbia,SRB,1910,23.3
Serbia,SRB,1915,30
Serbia,SRB,1920,36.7
Serbia,SRB,1925,42.3
Serbia,SRB,1930,47.8
Serbia,SRB,1935,46.6
Serbia,SRB,1940,45.5
Serbia,SRB,1945,55.9
Serbia,SRB,1950,66.3
Serbia,SRB,1955,75.3
Serbia,SRB,1960,87
Serbia,SRB,1965,84
Serbia,SRB,1970,78
Serbia,SRB,1975,79
Serbia,SRB,1980,80
Serbia,SRB,1985,78
Serbia,SRB,1990,76.4
Serbia,SRB,1995,70.6
Serbia,SRB,2000,100
Serbia,SRB,2005,100
Serbia,SRB,2010,95.5
Sierra Leone,SLE,1820,0.1
Sierra Leone,SLE,1825,0.1
Sierra Leone,SLE,1830,0.1
Sierra Leone,SLE,1835,0.1
Sierra Leone,SLE,1840,0.2
Sierra Leone,SLE,1845,0.2
Sierra Leone,SLE,1850,0.3
Sierra Leone,SLE,1855,0.4
Sierra Leone,SLE,1860,0.5
Sierra Leone,SLE,1865,0.6
Sierra Leone,SLE,1870,0.8
Sierra Leone,SLE,1875,1
Sierra Leone,SLE,1880,1.3
Sierra Leone,SLE,1885,1.7
Sierra Leone,SLE,1890,2.2
Sierra Leone,SLE,1895,2.8
Sierra Leone,SLE,1900,3.7
Sierra Leone,SLE,1905,3.5
Sierra Leone,SLE,1910,3.4
Sierra Leone,SLE,1915,3.4
Sierra Leone,SLE,1920,3.4
Sierra Leone,SLE,1925,3.8
Sierra Leone,SLE,1930,4.1
Sierra Leone,SLE,1935,5
Sierra Leone,SLE,1940,5.8
Sierra Leone,SLE,1945,7.8
Sierra Leone,SLE,1950,8.3
Sierra Leone,SLE,1955,10.7
Sierra Leone,SLE,1960,19.5
Sierra Leone,SLE,1965,24.6
Sierra Leone,SLE,1970,28.9
Sierra Leone,SLE,1975,33.2
Sierra Leone,SLE,1980,38.2
Sierra Leone,SLE,1985,51.8
Sierra Leone,SLE,1990,40.8
Sierra Leone,SLE,1995,40.8
Sierra Leone,SLE,2000,60.5
Sierra Leone,SLE,2005,80.3
Sierra Leone,SLE,2010,100
South Africa,ZAF,1820,4
South Africa,ZAF,1825,4.9
South Africa,ZAF,1830,5.9
South Africa,ZAF,1835,7.1
South Africa,ZAF,1840,8.5
South Africa,ZAF,1845,10.2
South Africa,ZAF,1850,12.2
South Africa,ZAF,1855,14.5
South Africa,ZAF,1860,17.2
South Africa,ZAF,1865,20.2
South Africa,ZAF,1870,23.6
South Africa,ZAF,1875,29.3
South Africa,ZAF,1880,34.9
South Africa,ZAF,1885,24.1
South Africa,ZAF,1890,13.4
South Africa,ZAF,1895,13.8
South Africa,ZAF,1900,14.2
South Africa,ZAF,1905,17.2
South Africa,ZAF,1910,20.1
South Africa,ZAF,1915,25.2
South Africa,ZAF,1920,30.3
South Africa,ZAF,1925,30.7
South Africa,ZAF,1930,31
South Africa,ZAF,1935,31.8
South Africa,ZAF,1940,36.6
South Africa,ZAF,1945,38.9
South Africa,ZAF,1950,40.8
South Africa,ZAF,1955,39.9
South Africa,ZAF,1960,60.2
South Africa,ZAF,1965,60.9
South Africa,ZAF,1970,67
South Africa,ZAF,1975,67.7
South Africa,ZAF,1980,67.7
South Africa,ZAF,1985,68.4
South Africa,ZAF,1990,73.8
South Africa,ZAF,1995,79.2
South Africa,ZAF,2000,97.6
South Africa,ZAF,2005,98.5
South Africa,ZAF,2010,98.5
South Korea,KOR,1820,0
South Korea,KOR,1825,0
South Korea,KOR,1830,0
South Korea,KOR,1835,0
South Korea,KOR,1840,0
South Korea,KOR,1845,0
South Korea,KOR,1850,0
South Korea,KOR,1855,0
South Korea,KOR,1860,0
South Korea,KOR,1865,0
South Korea,KOR,1870,0
South Korea,KOR,1875,0
South Korea,KOR,1880,0
South Korea,KOR,1885,0.1
South Korea,KOR,1890,0.2
South Korea,KOR,1895,0.4
South Korea,KOR,1900,0.7
South Korea,KOR,1905,1.4
South Korea,KOR,1910,2.5
South Korea,KOR,1915,6
South Korea,KOR,1920,9.3
South Korea,KOR,1925,18.5
South Korea,KOR,1930,27.7
South Korea,KOR,1935,31.8
South Korea,KOR,1940,56.1
South Korea,KOR,1945,61.1
South Korea,KOR,1950,86.9
South Korea,KOR,1955,88.5
South Korea,KOR,1960,85.8
South Korea,KOR,1965,92.2
South Korea,KOR,1970,94
South Korea,KOR,1975,99
South Korea,KOR,1980,100
South Korea,KOR,1985,93
South Korea,KOR,1990,100
South Korea,KOR,1995,95
South Korea,KOR,2000,100
South Korea,KOR,2005,100
South Korea,KOR,2010,100
Spain,ESP,1820,11
Spain,ESP,1825,12.8
Spain,ESP,1830,14.9
Spain,ESP,1835,17.2
Spain,ESP,1840,19.9
Spain,ESP,1845,22.8
Spain,ESP,1850,26
Spain,ESP,1855,29.4
Spain,ESP,1860,41.9
Spain,ESP,1865,48.7
Spain,ESP,1870,52.5
Spain,ESP,1875,56.2
Spain,ESP,1880,60
Spain,ESP,1885,59.4
Spain,ESP,1890,55.9
Spain,ESP,1895,52.3
Spain,ESP,1900,48.7
Spain,ESP,1905,45.1
Spain,ESP,1910,41.5
Spain,ESP,1915,44.8
Spain,ESP,1920,44.6
Spain,ESP,1925,44.3
Spain,ESP,1930,50
Spain,ESP,1935,56.3
Spain,ESP,1940,51.5
Spain,ESP,1945,59.6
Spain,ESP,1950,63.5
Spain,ESP,1955,78.7
Spain,ESP,1960,81.3
Spain,ESP,1965,85
Spain,ESP,1970,94
Spain,ESP,1975,100
Spain,ESP,1980,100
Spain,ESP,1985,98
Spain,ESP,1990,100
Spain,ESP,1995,100
Spain,ESP,2000,100
Spain,ESP,2005,100
Spain,ESP,2010,100
Sri Lanka,LKA,1820,2.9
Sri Lanka,LKA,1825,3.8
Sri Lanka,LKA,1830,4.8
Sri Lanka,LKA,1835,4.6
Sri Lanka,LKA,1840,4.5
Sri Lanka,LKA,1845,4.2
Sri Lanka,LKA,1850,4
Sri Lanka,LKA,1855,4.9
Sri Lanka,LKA,1860,5.8
Sri Lanka,LKA,1865,6.6
Sri Lanka,LKA,1870,7.4
Sri Lanka,LKA,1875,11.9
Sri Lanka,LKA,1880,16.4
Sri Lanka,LKA,1885,20.7
Sri Lanka,LKA,1890,25
Sri Lanka,LKA,1895,27.8
Sri Lanka,LKA,1900,30.5
Sri Lanka,LKA,1905,36.7
Sri Lanka,LKA,1910,42.8
Sri Lanka,LKA,1915,44
Sri Lanka,LKA,1920,45.2
Sri Lanka,LKA,1925,46.6
Sri Lanka,LKA,1930,48.1
Sri Lanka,LKA,1935,57.3
Sri Lanka,LKA,1940,48
Sri Lanka,LKA,1945,62.1
Sri Lanka,LKA,1950,75
Sri Lanka,LKA,1955,72.5
Sri Lanka,LKA,1960,67.4
Sri Lanka,LKA,1965,66
Sri Lanka,LKA,1970,96.1
Sri Lanka,LKA,1975,74.8
Sri Lanka,LKA,1980,95.1
Sri Lanka,LKA,1985,100
Sri Lanka,LKA,1990,100
Sri Lanka,LKA,1995,100
Sri Lanka,LKA,2000,100
Sri Lanka,LKA,2005,97.2
Sri Lanka,LKA,2010,98.3
Sudan,SDN,1820,0
Sudan,SDN,1825,0
Sudan,SDN,1830,0
Sudan,SDN,1835,0
Sudan,SDN,1840,0
Sudan,SDN,1845,0.1
Sudan,SDN,1850,0.1
Sudan,SDN,1855,0.1
Sudan,SDN,1860,0.1
Sudan,SDN,1865,0.1
Sudan,SDN,1870,0.2
Sudan,SDN,1875,0.2
Sudan,SDN,1880,0.3
Sudan,SDN,1885,0.4
Sudan,SDN,1890,0.5
Sudan,SDN,1895,0.7
Sudan,SDN,1900,0.9
Sudan,SDN,1905,1.1
Sudan,SDN,1910,1.4
Sudan,SDN,1915,2.1
Sudan,SDN,1920,2.8
Sudan,SDN,1925,3.6
Sudan,SDN,1930,4.3
Sudan,SDN,1935,4.1
Sudan,SDN,1940,4.5
Sudan,SDN,1945,5.3
Sudan,SDN,1950,14.1
Sudan,SDN,1955,14
Sudan,SDN,1960,24.5
Sudan,SDN,1965,28.4
Sudan,SDN,1970,37.2
Sudan,SDN,1975,46.5
Sudan,SDN,1980,50
Sudan,SDN,1985,50
Sudan,SDN,1990,50
Sudan,SDN,1995,52
Sudan,SDN,2000,43.5
Sudan,SDN,2005,54.1
Sudan,SDN,2010,60.4
Swaziland,SWZ,1820,0
Swaziland,SWZ,1825,0
Swaziland,SWZ,1830,0
Swaziland,SWZ,1835,0
Swaziland,SWZ,1840,0
Swaziland,SWZ,1845,0
Swaziland,SWZ,1850,0
Swaziland,SWZ,1855,0
Swaziland,SWZ,1860,0
Swaziland,SWZ,1865,0
Swaziland,SWZ,1870,0
Swaziland,SWZ,1875,0
Swaziland,SWZ,1880,0
Swaziland,SWZ,1885,0
Swaziland,SWZ,1890,0
Swaziland,SWZ,1895,0
Swaziland,SWZ,1900,0
Swaziland,SWZ,1905,0.2
Swaziland,SWZ,1910,0.7
Swaziland,SWZ,1915,1.5
Swaziland,SWZ,1920,2.8
Swaziland,SWZ,1925,5
Swaziland,SWZ,1930,8.4
Swaziland,SWZ,1935,13.3
Swaziland,SWZ,1940,20.3
Swaziland,SWZ,1945,29.3
Swaziland,SWZ,1950,36.5
Swaziland,SWZ,1955,48.9
Swaziland,SWZ,1960,42.7
Swaziland,SWZ,1965,54.4
Swaziland,SWZ,1970,64
Swaziland,SWZ,1975,74
Swaziland,SWZ,1980,83
Swaziland,SWZ,1985,85
Swaziland,SWZ,1990,85
Swaziland,SWZ,1995,95
Swaziland,SWZ,2000,79.7
Swaziland,SWZ,2005,85.2
Swaziland,SWZ,2010,98.5
Sweden,SWE,1820,80.7
Sweden,SWE,1825,82.5
Sweden,SWE,1830,84.1
Sweden,SWE,1835,85.6
Sweden,SWE,1840,86.9
Sweden,SWE,1845,88.2
Sweden,SWE,1850,89.4
Sweden,SWE,1855,90.5
Sweden,SWE,1860,91.5
Sweden,SWE,1865,92.4
Sweden,SWE,1870,100
Sweden,SWE,1875,100
Sweden,SWE,1880,100
Sweden,SWE,1885,100
Sweden,SWE,1890,100
Sweden,SWE,1895,100
Sweden,SWE,1900,100
Sweden,SWE,1905,100
Sweden,SWE,1910,100
Sweden,SWE,1915,100
Sweden,SWE,1920,100
Sweden,SWE,1925,99.7
Sweden,SWE,1930,100
Sweden,SWE,1935,98.9
Sweden,SWE,1940,100
Sweden,SWE,1945,100
Sweden,SWE,1950,100
Sweden,SWE,1955,100
Sweden,SWE,1960,94
Sweden,SWE,1965,93.4
Sweden,SWE,1970,92.7
Sweden,SWE,1975,100
Sweden,SWE,1980,96.4
Sweden,SWE,1985,97.7
Sweden,SWE,1990,99
Sweden,SWE,1995,100
Sweden,SWE,2000,100
Sweden,SWE,2005,96
Sweden,SWE,2010,100
Switzerland,CHE,1820,63.6
Switzerland,CHE,1825,65.1
Switzerland,CHE,1830,66.6
Switzerland,CHE,1835,69.2
Switzerland,CHE,1840,71.8
Switzerland,CHE,1845,74.4
Switzerland,CHE,1850,77
Switzerland,CHE,1855,79.6
Switzerland,CHE,1860,82.2
Switzerland,CHE,1865,84.8
Switzerland,CHE,1870,87.4
Switzerland,CHE,1875,90
Switzerland,CHE,1880,92.6
Switzerland,CHE,1885,96.4
Switzerland,CHE,1890,92.9
Switzerland,CHE,1895,90.9
Switzerland,CHE,1900,89
Switzerland,CHE,1905,91.2
Switzerland,CHE,1910,86.7
Switzerland,CHE,1915,88.3
Switzerland,CHE,1920,87
Switzerland,CHE,1925,85.4
Switzerland,CHE,1930,85.9
Switzerland,CHE,1935,89.1
Switzerland,CHE,1940,86.9
Switzerland,CHE,1945,81.3
Switzerland,CHE,1950,84
Switzerland,CHE,1955,87.2
Switzerland,CHE,1960,100
Switzerland,CHE,1965,80.1
Switzerland,CHE,1970,78.3
Switzerland,CHE,1975,84.7
Switzerland,CHE,1980,92.1
Switzerland,CHE,1985,92.1
Switzerland,CHE,1990,93
Switzerland,CHE,1995,100
Switzerland,CHE,2000,100
Switzerland,CHE,2005,100
Switzerland,CHE,2010,100
Syria,SYR,1820,0
Syria,SYR,1825,0
Syria,SYR,1830,0
Syria,SYR,1835,0.1
Syria,SYR,1840,0.1
Syria,SYR,1845,0.1
Syria,SYR,1850,0.2
Syria,SYR,1855,0.2
Syria,SYR,1860,0.3
Syria,SYR,1865,0.4
Syria,SYR,1870,0.6
Syria,SYR,1875,0.8
Syria,SYR,1880,1.1
Syria,SYR,1885,1.6
Syria,SYR,1890,2.2
Syria,SYR,1895,3
Syria,SYR,1900,4.1
Syria,SYR,1905,5.6
Syria,SYR,1910,7.6
Syria,SYR,1915,10.3
Syria,SYR,1920,13.7
Syria,SYR,1925,18.1
Syria,SYR,1930,23.5
Syria,SYR,1935,24.9
Syria,SYR,1940,28.3
Syria,SYR,1945,34.8
Syria,SYR,1950,60
Syria,SYR,1955,55
Syria,SYR,1960,55.8
Syria,SYR,1965,67
Syria,SYR,1970,70
Syria,SYR,1975,87
Syria,SYR,1980,91
Syria,SYR,1985,97
Syria,SYR,1990,99
Syria,SYR,1995,93.9
Syria,SYR,2000,100
Syria,SYR,2005,100
Syria,SYR,2010,100
Taiwan,TWN,1820,0
Taiwan,TWN,1825,0
Taiwan,TWN,1830,0
Taiwan,TWN,1835,0
Taiwan,TWN,1840,0
Taiwan,TWN,1845,0
Taiwan,TWN,1850,0
Taiwan,TWN,1855,0
Taiwan,TWN,1860,0
Taiwan,TWN,1865,0
Taiwan,TWN,1870,0
Taiwan,TWN,1875,0
Taiwan,TWN,1880,0.2
Taiwan,TWN,1885,0.5
Taiwan,TWN,1890,1.2
Taiwan,TWN,1895,2.4
Taiwan,TWN,1900,4.6
Taiwan,TWN,1905,5.8
Taiwan,TWN,1910,7
Taiwan,TWN,1915,25.9
Taiwan,TWN,1920,44.8
Taiwan,TWN,1925,51.8
Taiwan,TWN,1930,58.7
Taiwan,TWN,1935,70.1
Taiwan,TWN,1940,100
Taiwan,TWN,1945,100
Taiwan,TWN,1950,100
Taiwan,TWN,1955,100
Taiwan,TWN,1960,94.1
Taiwan,TWN,1965,95.1
Taiwan,TWN,1970,96
Taiwan,TWN,1975,97
Taiwan,TWN,1980,98
Taiwan,TWN,1985,98
Taiwan,TWN,1990,98
Taiwan,TWN,1995,98
Taiwan,TWN,2000,99
Taiwan,TWN,2005,98
Taiwan,TWN,2010,99
Thailand,THA,1820,0
Thailand,THA,1825,0
Thailand,THA,1830,0
Thailand,THA,1835,0
Thailand,THA,1840,0
Thailand,THA,1845,0
Thailand,THA,1850,0
Thailand,THA,1855,0
Thailand,THA,1860,0.1
Thailand,THA,1865,0.2
Thailand,THA,1870,0.3
Thailand,THA,1875,0.5
Thailand,THA,1880,0.9
Thailand,THA,1885,1.4
Thailand,THA,1890,2.3
Thailand,THA,1895,3.6
Thailand,THA,1900,5.6
Thailand,THA,1905,8.6
Thailand,THA,1910,12.7
Thailand,THA,1915,14.3
Thailand,THA,1920,15.9
Thailand,THA,1925,48.8
Thailand,THA,1930,55.4
Thailand,THA,1935,66.1
Thailand,THA,1940,100
Thailand,THA,1945,100
Thailand,THA,1950,100
Thailand,THA,1955,100
Thailand,THA,1960,90
Thailand,THA,1965,71
Thailand,THA,1970,75.6
Thailand,THA,1975,75.6
Thailand,THA,1980,90.1
Thailand,THA,1985,88.3
Thailand,THA,1990,100
Thailand,THA,1995,84.4
Thailand,THA,2000,94.5
Thailand,THA,2005,89
Thailand,THA,2010,88.1
Togo,TGO,1820,0
Togo,TGO,1825,0
Togo,TGO,1830,0
Togo,TGO,1835,0.1
Togo,TGO,1840,0.1
Togo,TGO,1845,0.1
Togo,TGO,1850,0.1
Togo,TGO,1855,0.2
Togo,TGO,1860,0.2
Togo,TGO,1865,0.3
Togo,TGO,1870,0.5
Togo,TGO,1875,0.6
Togo,TGO,1880,0.8
Togo,TGO,1885,1.1
Togo,TGO,1890,1.5
Togo,TGO,1895,2
Togo,TGO,1900,2.6
Togo,TGO,1905,3.5
Togo,TGO,1910,4.7
Togo,TGO,1915,4.2
Togo,TGO,1920,3.7
Togo,TGO,1925,3.2
Togo,TGO,1930,2.6
Togo,TGO,1935,3.5
Togo,TGO,1940,5.1
Togo,TGO,1945,6.1
Togo,TGO,1950,18.2
Togo,TGO,1955,22.5
Togo,TGO,1960,32.8
Togo,TGO,1965,41.1
Togo,TGO,1970,53
Togo,TGO,1975,72.5
Togo,TGO,1980,88.4
Togo,TGO,1985,67
Togo,TGO,1990,76
Togo,TGO,1995,74.3
Togo,TGO,2000,82.5
Togo,TGO,2005,87.1
Togo,TGO,2010,100
Trinidad and Tobago,TTO,1820,3.1
Trinidad and Tobago,TTO,1825,3.8
Trinidad and Tobago,TTO,1830,4.5
Trinidad and Tobago,TTO,1835,5.5
Trinidad and Tobago,TTO,1840,6.6
Trinidad and Tobago,TTO,1845,8
Trinidad and Tobago,TTO,1850,9.6
Trinidad and Tobago,TTO,1855,11.4
Trinidad and Tobago,TTO,1860,19.5
Trinidad and Tobago,TTO,1865,18.4
Trinidad and Tobago,TTO,1870,17
Trinidad and Tobago,TTO,1875,31.5
Trinidad and Tobago,TTO,1880,34.1
Trinidad and Tobago,TTO,1885,36.1
Trinidad and Tobago,TTO,1890,59.3
Trinidad and Tobago,TTO,1895,58
Trinidad and Tobago,TTO,1900,68.9
Trinidad and Tobago,TTO,1905,86.2
Trinidad and Tobago,TTO,1910,90
Trinidad and Tobago,TTO,1915,81.9
Trinidad and Tobago,TTO,1920,80.5
Trinidad and Tobago,TTO,1925,89.5
Trinidad and Tobago,TTO,1930,91.7
Trinidad and Tobago,TTO,1935,97.1
Trinidad and Tobago,TTO,1940,99.4
Trinidad and Tobago,TTO,1945,98
Trinidad and Tobago,TTO,1950,100
Trinidad and Tobago,TTO,1955,100
Trinidad and Tobago,TTO,1960,87
Trinidad and Tobago,TTO,1965,96
Trinidad and Tobago,TTO,1970,87
Trinidad and Tobago,TTO,1975,87
Trinidad and Tobago,TTO,1980,88
Trinidad and Tobago,TTO,1985,90
Trinidad and Tobago,TTO,1990,90
Trinidad and Tobago,TTO,1995,93.1
Trinidad and Tobago,TTO,2000,96.7
Trinidad and Tobago,TTO,2005,93.8
Trinidad and Tobago,TTO,2010,99.3
Tunisia,TUN,1820,0
Tunisia,TUN,1825,0
Tunisia,TUN,1830,0
Tunisia,TUN,1835,0
Tunisia,TUN,1840,0
Tunisia,TUN,1845,0
Tunisia,TUN,1850,0
Tunisia,TUN,1855,0.1
Tunisia,TUN,1860,0.1
Tunisia,TUN,1865,0.1
Tunisia,TUN,1870,0.2
Tunisia,TUN,1875,0.2
Tunisia,TUN,1880,0.3
Tunisia,TUN,1885,0.4
Tunisia,TUN,1890,0.6
Tunisia,TUN,1895,0.8
Tunisia,TUN,1900,1.1
Tunisia,TUN,1905,1.5
Tunisia,TUN,1910,2.1
Tunisia,TUN,1915,2.8
Tunisia,TUN,1920,3.9
Tunisia,TUN,1925,5.3
Tunisia,TUN,1930,7.1
Tunisia,TUN,1935,9.6
Tunisia,TUN,1940,12.8
Tunisia,TUN,1945,16.9
Tunisia,TUN,1950,21.9
Tunisia,TUN,1955,30.8
Tunisia,TUN,1960,50.2
Tunisia,TUN,1965,69.2
Tunisia,TUN,1970,76
Tunisia,TUN,1975,75.9
Tunisia,TUN,1980,83
Tunisia,TUN,1985,95
Tunisia,TUN,1990,96
Tunisia,TUN,1995,92.8
Tunisia,TUN,2000,97.3
Tunisia,TUN,2005,100
Tunisia,TUN,2010,100
Turkey,TUR,1820,0
Turkey,TUR,1825,0
Turkey,TUR,1830,0.1
Turkey,TUR,1835,0.1
Turkey,TUR,1840,0.1
Turkey,TUR,1845,0.1
Turkey,TUR,1850,0.2
Turkey,TUR,1855,0.2
Turkey,TUR,1860,0.3
Turkey,TUR,1865,0.4
Turkey,TUR,1870,0.6
Turkey,TUR,1875,0.8
Turkey,TUR,1880,1.1
Turkey,TUR,1885,1.5
Turkey,TUR,1890,2
Turkey,TUR,1895,2.8
Turkey,TUR,1900,3.7
Turkey,TUR,1905,5
Turkey,TUR,1910,6.7
Turkey,TUR,1915,9
Turkey,TUR,1920,11.9
Turkey,TUR,1925,19.2
Turkey,TUR,1930,21.7
Turkey,TUR,1935,28.3
Turkey,TUR,1940,35.6
Turkey,TUR,1945,48
Turkey,TUR,1950,57.5
Turkey,TUR,1955,60.1
Turkey,TUR,1960,54.3
Turkey,TUR,1965,73.1
Turkey,TUR,1970,79.7
Turkey,TUR,1975,78.2
Turkey,TUR,1980,70.2
Turkey,TUR,1985,84
Turkey,TUR,1990,100
Turkey,TUR,1995,97.7
Turkey,TUR,2000,98.9
Turkey,TUR,2005,100
Turkey,TUR,2010,100
Uganda,UGA,1820,0
Uganda,UGA,1825,0
Uganda,UGA,1830,0
Uganda,UGA,1835,0
Uganda,UGA,1840,0
Uganda,UGA,1845,0
Uganda,UGA,1850,0
Uganda,UGA,1855,0
Uganda,UGA,1860,0
Uganda,UGA,1865,0
Uganda,UGA,1870,0
Uganda,UGA,1875,0
Uganda,UGA,1880,0
Uganda,UGA,1885,0
Uganda,UGA,1890,0
Uganda,UGA,1895,0
Uganda,UGA,1900,0
Uganda,UGA,1905,0
Uganda,UGA,1910,0
Uganda,UGA,1915,0
Uganda,UGA,1920,0
Uganda,UGA,1925,2.8
Uganda,UGA,1930,2.8
Uganda,UGA,1935,3.5
Uganda,UGA,1940,7.3
Uganda,UGA,1945,16.8
Uganda,UGA,1950,25.9
Uganda,UGA,1955,34.9
Uganda,UGA,1960,39
Uganda,UGA,1965,53.3
Uganda,UGA,1970,30.2
Uganda,UGA,1975,35
Uganda,UGA,1980,39
Uganda,UGA,1985,55.7
Uganda,UGA,1990,56.5
Uganda,UGA,1995,62.8
Uganda,UGA,2000,100
Uganda,UGA,2005,100
Uganda,UGA,2010,100
United Kingdom,GBR,1820,13.3
United Kingdom,GBR,1825,14.8
United Kingdom,GBR,1830,16.4
United Kingdom,GBR,1835,18.1
United Kingdom,GBR,1840,20
United Kingdom,GBR,1845,22
United Kingdom,GBR,1850,24.1
United Kingdom,GBR,1855,26.4
United Kingdom,GBR,1860,28.8
United Kingdom,GBR,1865,24.4
United Kingdom,GBR,1870,39
United Kingdom,GBR,1875,49.8
United Kingdom,GBR,1880,77.2
United Kingdom,GBR,1885,77.1
United Kingdom,GBR,1890,93.1
United Kingdom,GBR,1895,95.6
United Kingdom,GBR,1900,97.8
United Kingdom,GBR,1905,100
United Kingdom,GBR,1910,100
United Kingdom,GBR,1915,100
United Kingdom,GBR,1920,100
United Kingdom,GBR,1925,100
United Kingdom,GBR,1930,100
United Kingdom,GBR,1935,100
United Kingdom,GBR,1940,92.4
United Kingdom,GBR,1945,84.7
United Kingdom,GBR,1950,100
United Kingdom,GBR,1955,100
United Kingdom,GBR,1960,86.7
United Kingdom,GBR,1965,86.7
United Kingdom,GBR,1970,98
United Kingdom,GBR,1975,98
United Kingdom,GBR,1980,96
United Kingdom,GBR,1985,97
United Kingdom,GBR,1990,97
United Kingdom,GBR,1995,100
United Kingdom,GBR,2000,100
United Kingdom,GBR,2005,100
United Kingdom,GBR,2010,100
United States,USA,1820,41.4
United States,USA,1825,42.9
United States,USA,1830,53.4
United States,USA,1835,55.4
United States,USA,1840,59.7
United States,USA,1845,70
United States,USA,1850,80.1
United States,USA,1855,88
United States,USA,1860,97.5
United States,USA,1865,98.1
United States,USA,1870,100
United States,USA,1875,100
United States,USA,1880,100
United States,USA,1885,100
United States,USA,1890,100
United States,USA,1895,100
United States,USA,1900,100
United States,USA,1905,100
United States,USA,1910,100
United States,USA,1915,100
United States,USA,1920,100
United States,USA,1925,100
United States,USA,1930,100
United States,USA,1935,100
United States,USA,1940,100
United States,USA,1945,100
United States,USA,1950,100
United States,USA,1955,100
United States,USA,1960,100
United States,USA,1965,95.9
United States,USA,1970,95.9
United States,USA,1975,72
United States,USA,1980,94
United States,USA,1985,96
United States,USA,1990,98
United States,USA,1995,96.1
United States,USA,2000,100
United States,USA,2005,100
United States,USA,2010,99
Uruguay,URY,1820,2.2
Uruguay,URY,1825,2.7
Uruguay,URY,1830,3.4
Uruguay,URY,1835,4.2
Uruguay,URY,1840,5.2
Uruguay,URY,1845,6.5
Uruguay,URY,1850,8
Uruguay,URY,1855,9.8
Uruguay,URY,1860,12
Uruguay,URY,1865,14.6
Uruguay,URY,1870,17.7
Uruguay,URY,1875,21.2
Uruguay,URY,1880,26.7
Uruguay,URY,1885,26.3
Uruguay,URY,1890,27.9
Uruguay,URY,1895,30.9
Uruguay,URY,1900,27.9
Uruguay,URY,1905,36.7
Uruguay,URY,1910,49.4
Uruguay,URY,1915,52.8
Uruguay,URY,1920,52.7
Uruguay,URY,1925,56.9
Uruguay,URY,1930,58
Uruguay,URY,1935,60.3
Uruguay,URY,1940,67.2
Uruguay,URY,1945,66.4
Uruguay,URY,1950,83.1
Uruguay,URY,1955,85.1
Uruguay,URY,1960,83.8
Uruguay,URY,1965,80
Uruguay,URY,1970,92.7
Uruguay,URY,1975,88.5
Uruguay,URY,1980,87.7
Uruguay,URY,1985,91
Uruguay,URY,1990,91
Uruguay,URY,1995,95
Uruguay,URY,2000,99.3
Uruguay,URY,2005,100
Uruguay,URY,2010,100
Venezuela,VEN,1820,0.1
Venezuela,VEN,1825,0.1
Venezuela,VEN,1830,0.2
Venezuela,VEN,1835,0.2
Venezuela,VEN,1840,0.3
Venezuela,VEN,1845,0.3
Venezuela,VEN,1850,0.4
Venezuela,VEN,1855,0.6
Venezuela,VEN,1860,0.7
Venezuela,VEN,1865,0.9
Venezuela,VEN,1870,1.2
Venezuela,VEN,1875,1.5
Venezuela,VEN,1880,1.9
Venezuela,VEN,1885,2.5
Venezuela,VEN,1890,3.2
Venezuela,VEN,1895,4
Venezuela,VEN,1900,6.8
Venezuela,VEN,1905,9.2
Venezuela,VEN,1910,11.7
Venezuela,VEN,1915,12.8
Venezuela,VEN,1920,5.2
Venezuela,VEN,1925,22.2
Venezuela,VEN,1930,26.3
Venezuela,VEN,1935,54.1
Venezuela,VEN,1940,54.9
Venezuela,VEN,1945,63.3
Venezuela,VEN,1950,80
Venezuela,VEN,1955,87.6
Venezuela,VEN,1960,81
Venezuela,VEN,1965,76
Venezuela,VEN,1970,77
Venezuela,VEN,1975,81
Venezuela,VEN,1980,86
Venezuela,VEN,1985,86
Venezuela,VEN,1990,89
Venezuela,VEN,1995,80.1
Venezuela,VEN,2000,94.2
Venezuela,VEN,2005,97.9
Venezuela,VEN,2010,99.2
Yemen,YEM,1820,0
Yemen,YEM,1825,0
Yemen,YEM,1830,0
Yemen,YEM,1835,0
Yemen,YEM,1840,0
Yemen,YEM,1845,0
Yemen,YEM,1850,0
Yemen,YEM,1855,0
Yemen,YEM,1860,0
Yemen,YEM,1865,0
Yemen,YEM,1870,0
Yemen,YEM,1875,0.1
Yemen,YEM,1880,0.1
Yemen,YEM,1885,0.1
Yemen,YEM,1890,0.1
Yemen,YEM,1895,0.2
Yemen,YEM,1900,0.3
Yemen,YEM,1905,0.3
Yemen,YEM,1910,0.4
Yemen,YEM,1915,0.6
Yemen,YEM,1920,0.7
Yemen,YEM,1925,1
Yemen,YEM,1930,1.3
Yemen,YEM,1935,1.7
Yemen,YEM,1940,2.2
Yemen,YEM,1945,2.8
Yemen,YEM,1950,11.5
Yemen,YEM,1955,20.2
Yemen,YEM,1960,6
Yemen,YEM,1965,6.8
Yemen,YEM,1970,9
Yemen,YEM,1975,21.8
Yemen,YEM,1980,35.2
Yemen,YEM,1985,52.5
Yemen,YEM,1990,57
Yemen,YEM,1995,52.5
Yemen,YEM,2000,65.2
Yemen,YEM,2005,84.6
Yemen,YEM,2010,86
Zambia,ZMB,1820,0
Zambia,ZMB,1825,0
Zambia,ZMB,1830,0
Zambia,ZMB,1835,0
Zambia,ZMB,1840,0
Zambia,ZMB,1845,0
Zambia,ZMB,1850,0
Zambia,ZMB,1855,0
Zambia,ZMB,1860,0
Zambia,ZMB,1865,0
Zambia,ZMB,1870,0
Zambia,ZMB,1875,0
Zambia,ZMB,1880,0
Zambia,ZMB,1885,0
Zambia,ZMB,1890,0
Zambia,ZMB,1895,0
Zambia,ZMB,1900,0
Zambia,ZMB,1905,0
Zambia,ZMB,1910,0
Zambia,ZMB,1915,0.6
Zambia,ZMB,1920,1.7
Zambia,ZMB,1925,3.7
Zambia,ZMB,1930,6.9
Zambia,ZMB,1935,13.2
Zambia,ZMB,1940,19.5
Zambia,ZMB,1945,31.7
Zambia,ZMB,1950,43.8
Zambia,ZMB,1955,46.5
Zambia,ZMB,1960,47
Zambia,ZMB,1965,49.7
Zambia,ZMB,1970,80.7
Zambia,ZMB,1975,83
Zambia,ZMB,1980,84
Zambia,ZMB,1985,87
Zambia,ZMB,1990,81
Zambia,ZMB,1995,87.2
Zambia,ZMB,2000,78.8
Zambia,ZMB,2005,100
Zambia,ZMB,2010,100
Zimbabwe,ZWE,1820,0
Zimbabwe,ZWE,1825,0
Zimbabwe,ZWE,1830,0
Zimbabwe,ZWE,1835,0
Zimbabwe,ZWE,1840,0
Zimbabwe,ZWE,1845,0
Zimbabwe,ZWE,1850,0
Zimbabwe,ZWE,1855,0
Zimbabwe,ZWE,1860,0
Zimbabwe,ZWE,1865,0
Zimbabwe,ZWE,1870,0
Zimbabwe,ZWE,1875,0
Zimbabwe,ZWE,1880,0
Zimbabwe,ZWE,1885,0
Zimbabwe,ZWE,1890,0
Zimbabwe,ZWE,1895,0.8
Zimbabwe,ZWE,1900,2.4
Zimbabwe,ZWE,1905,5.1
Zimbabwe,ZWE,1910,9.6
Zimbabwe,ZWE,1915,20.5
Zimbabwe,ZWE,1920,31.4
Zimbabwe,ZWE,1925,48.6
Zimbabwe,ZWE,1930,65.9
Zimbabwe,ZWE,1935,58.9
Zimbabwe,ZWE,1940,51.9
Zimbabwe,ZWE,1945,58.9
Zimbabwe,ZWE,1950,66
Zimbabwe,ZWE,1955,80.4
Zimbabwe,ZWE,1960,74.4
Zimbabwe,ZWE,1965,85.3
Zimbabwe,ZWE,1970,57.4
Zimbabwe,ZWE,1975,56.6
Zimbabwe,ZWE,1980,68.2
Zimbabwe,ZWE,1985,100
Zimbabwe,ZWE,1990,90.7
Zimbabwe,ZWE,1995,90.7
Zimbabwe,ZWE,2000,100
Zimbabwe,ZWE,2005,97
Zimbabwe,ZWE,2010,98.3