Entity,Code,Year,"suicide rate (age-adjusted suicides per 100,000 people)"
Afghanistan,AFG,2002,6.867054
Afghanistan,AFG,2004,6.6843853
Afghanistan,AFG,2005,6.6843853
Albania,ALB,2002,2.792918
Albania,ALB,2004,7.699329853
Albania,ALB,2005,7.699329853
Algeria,DZA,2002,3.754641
Algeria,DZA,2004,4.848769665
Algeria,DZA,2005,4.848769665
Andorra,AND,2002,5.460766
Andorra,AND,2004,5.362178802
Andorra,AND,2005,5.362178802
Angola,AGO,2002,11.94146
Angola,AGO,2004,14.55467701
Angola,AGO,2005,14.55467701
Antigua and Barbuda,ATG,2002,0.4761568
Antigua and Barbuda,ATG,2004,2.1618433
Antigua and Barbuda,ATG,2005,2.1618433
Argentina,ARG,1966,7.916583
Argentina,ARG,1967,9.915176
Argentina,ARG,1968,10.74287
Argentina,ARG,1969,10.48032
Argentina,ARG,1970,10.29312
Argentina,ARG,1977,7.778694
Argentina,ARG,1978,7.920763
Argentina,ARG,1979,6.838789
Argentina,ARG,1980,7.482319
Argentina,ARG,1981,8.257092
Argentina,ARG,1982,7.042588
Argentina,ARG,1983,6.405541
Argentina,ARG,1984,6.581609
Argentina,ARG,1985,6.916961
Argentina,ARG,1986,7.883313
Argentina,ARG,1987,7.797068
Argentina,ARG,1988,7.753856
Argentina,ARG,1989,7.32608
Argentina,ARG,1990,6.826613
Argentina,ARG,1991,6.151737
Argentina,ARG,1992,6.862964
Argentina,ARG,1993,6.864534
Argentina,ARG,1994,6.766797
Argentina,ARG,1995,6.497159
Argentina,ARG,1996,6.521007
Argentina,ARG,1997,6.404548
Argentina,ARG,1998,6.571886
Argentina,ARG,1999,6.705275
Argentina,ARG,2000,7.578039
Argentina,ARG,2001,8.426514
Argentina,ARG,2002,8.399384
Argentina,ARG,2003,8.574696
Argentina,ARG,2004,8.045732
Argentina,ARG,2005,7.765584
Armenia,ARM,2002,3.223157
Armenia,ARM,2004,3.741587877
Armenia,ARM,2005,3.741587877
Australia,AUS,1950,9.11394
Australia,AUS,1951,9.414491
Australia,AUS,1952,10.52931
Australia,AUS,1953,10.77947
Australia,AUS,1954,10.70571
Australia,AUS,1955,10.29923
Australia,AUS,1956,10.83826
Australia,AUS,1957,12.24532
Australia,AUS,1958,12.51539
Australia,AUS,1959,11.26922
Australia,AUS,1960,10.84956
Australia,AUS,1961,12.21164
Australia,AUS,1962,14.19252
Australia,AUS,1963,16.3551
Australia,AUS,1964,15.12317
Australia,AUS,1965,15.43313
Australia,AUS,1966,14.58644
Australia,AUS,1967,15.65878
Australia,AUS,1968,13.19256
Australia,AUS,1969,12.76834
Australia,AUS,1970,12.83559
Australia,AUS,1971,14.15584
Australia,AUS,1972,13.0239
Australia,AUS,1973,12.02608
Australia,AUS,1974,12.06323
Australia,AUS,1975,11.39783
Australia,AUS,1976,11.01759
Australia,AUS,1977,11.29412
Australia,AUS,1978,11.27129
Australia,AUS,1979,11.64795
Australia,AUS,1980,10.9455
Australia,AUS,1981,11.08437
Australia,AUS,1982,11.35668
Australia,AUS,1983,10.6924
Australia,AUS,1984,10.94829
Australia,AUS,1985,11.36893
Australia,AUS,1986,12.27354
Australia,AUS,1987,12.67795
Australia,AUS,1988,12.457
Australia,AUS,1989,11.61991
Australia,AUS,1990,12.21795
Australia,AUS,1991,12.50919
Australia,AUS,1992,12.13431
Australia,AUS,1993,10.8313
Australia,AUS,1994,12.03813
Australia,AUS,1995,11.34692
Australia,AUS,1996,12.44981
Australia,AUS,1997,13.50883
Australia,AUS,1998,13.31107
Australia,AUS,1999,12.37532
Australia,AUS,2000,11.69399
Australia,AUS,2001,11.84839
Australia,AUS,2002,11.03015
Australia,AUS,2003,10.10695
Australia,AUS,2004,9.656323
Australia,AUS,2005,8.470030125
Austria,AUT,1955,20.5962
Austria,AUT,1956,19.92693
Austria,AUT,1957,20.9564
Austria,AUT,1958,20.79216
Austria,AUT,1959,21.81896
Austria,AUT,1960,20.19164
Austria,AUT,1961,19.24125
Austria,AUT,1962,19.71283
Austria,AUT,1963,19.32392
Austria,AUT,1964,19.99342
Austria,AUT,1965,20.16066
Austria,AUT,1966,20.39829
Austria,AUT,1967,19.63787
Austria,AUT,1968,19.63363
Austria,AUT,1969,20.016
Austria,AUT,1970,21.93183
Austria,AUT,1971,20.31294
Austria,AUT,1972,20.87694
Austria,AUT,1973,19.62877
Austria,AUT,1974,21.15685
Austria,AUT,1975,21.48004
Austria,AUT,1976,20.11514
Austria,AUT,1977,21.48151
Austria,AUT,1978,22.21951
Austria,AUT,1979,22.31893
Austria,AUT,1980,22.57223
Austria,AUT,1981,23.46337
Austria,AUT,1982,24.12704
Austria,AUT,1983,23.308
Austria,AUT,1984,23.06893
Austria,AUT,1985,23.7467
Austria,AUT,1986,24.3092
Austria,AUT,1987,22.78188
Austria,AUT,1988,20.36467
Austria,AUT,1989,20.57605
Austria,AUT,1990,19.33369
Austria,AUT,1991,18.53028
Austria,AUT,1992,18.39543
Austria,AUT,1993,17.46171
Austria,AUT,1994,18.29631
Austria,AUT,1995,18.21025
Austria,AUT,1996,17.68246
Austria,AUT,1997,16.08883
Austria,AUT,1998,15.67687
Austria,AUT,1999,15.44316
Austria,AUT,2000,15.88142
Austria,AUT,2001,14.76183
Austria,AUT,2002,15.15603
Austria,AUT,2003,14.07254
Austria,AUT,2004,13.6443
Austria,AUT,2005,13.09437
Azerbaijan,AZE,1981,5.772842
Azerbaijan,AZE,1982,4.780469
Azerbaijan,AZE,1985,4.439677
Azerbaijan,AZE,1986,4.251373
Azerbaijan,AZE,1987,4.619159
Azerbaijan,AZE,1988,3.954315
Azerbaijan,AZE,1989,3.982391
Azerbaijan,AZE,1990,2.019469
Azerbaijan,AZE,1991,2.079842
Azerbaijan,AZE,1992,2.367986
Azerbaijan,AZE,1993,1.847722
Azerbaijan,AZE,1994,0.7762645
Azerbaijan,AZE,1995,0.7589484
Azerbaijan,AZE,1996,1.105828
Azerbaijan,AZE,1997,1.667972
Azerbaijan,AZE,1998,0.8385647
Azerbaijan,AZE,1999,0.7774907
Azerbaijan,AZE,2000,0.8361951
Azerbaijan,AZE,2002,4.718285
Azerbaijan,AZE,2004,1.380964637
Azerbaijan,AZE,2005,1.380964637
Bahamas,BHS,2002,3.141181
Bahamas,BHS,2004,3.374415874
Bahamas,BHS,2005,3.374415874
Bahrain,BHR,1985,2.361826
Bahrain,BHR,1987,2.411743
Bahrain,BHR,1988,2.750445
Bahrain,BHR,1999,2.012584
Bahrain,BHR,2000,3.683079
Bahrain,BHR,2001,2.977851
Bahrain,BHR,2002,3.881184
Bahrain,BHR,2004,4.414990425
Bahrain,BHR,2005,4.414990425
Bangladesh,BGD,2002,14.7468
Bangladesh,BGD,2004,14.53835678
Bangladesh,BGD,2005,14.53835678
Barbados,BRB,2002,3.996051
Barbados,BRB,2004,3.108602524
Barbados,BRB,2005,3.108602524
Belarus,BLR,1981,23.69643
Belarus,BLR,1982,25.53273
Belarus,BLR,1985,21.96483
Belarus,BLR,1986,16.7862
Belarus,BLR,1987,18.01035
Belarus,BLR,1988,17.2866
Belarus,BLR,1989,20.46141
Belarus,BLR,1990,19.26921
Belarus,BLR,1991,19.82858
Belarus,BLR,1992,22.24357
Belarus,BLR,1993,26.17479
Belarus,BLR,1994,28.45045
Belarus,BLR,1995,29.04394
Belarus,BLR,1997,31.74479
Belarus,BLR,1998,31.84211
Belarus,BLR,1999,30.93279
Belarus,BLR,2000,31.28184
Belarus,BLR,2001,29.6032
Belarus,BLR,2002,29.54302
Belarus,BLR,2003,30.52928
Belarus,BLR,2004,31.08221245
Belarus,BLR,2005,26.8746903
Belgium,BEL,1954,11.33692
Belgium,BEL,1955,10.97399
Belgium,BEL,1956,11.9794
Belgium,BEL,1957,11.96483
Belgium,BEL,1958,12.1242
Belgium,BEL,1959,10.79907
Belgium,BEL,1960,12.10405
Belgium,BEL,1961,12.21452
Belgium,BEL,1962,11.2106
Belgium,BEL,1963,11.66752
Belgium,BEL,1964,11.73851
Belgium,BEL,1965,12.73038
Belgium,BEL,1966,12.0517
Belgium,BEL,1967,12.59613
Belgium,BEL,1968,13.08375
Belgium,BEL,1969,12.58881
Belgium,BEL,1970,13.8067
Belgium,BEL,1971,12.983
Belgium,BEL,1972,13.16265
Belgium,BEL,1973,12.45009
Belgium,BEL,1974,13.38962
Belgium,BEL,1975,13.64228
Belgium,BEL,1976,14.15512
Belgium,BEL,1977,16.3792
Belgium,BEL,1978,17.72808
Belgium,BEL,1979,18.26249
Belgium,BEL,1980,19.00523
Belgium,BEL,1981,18.76957
Belgium,BEL,1982,18.62509
Belgium,BEL,1983,19.62522
Belgium,BEL,1984,20.16465
Belgium,BEL,1985,19.40232
Belgium,BEL,1986,18.66436
Belgium,BEL,1987,18.94862
Belgium,BEL,1988,16.84894
Belgium,BEL,1989,15.99179
Belgium,BEL,1990,15.71091
Belgium,BEL,1991,14.92314
Belgium,BEL,1992,15.48513
Belgium,BEL,1993,17.86711
Belgium,BEL,1994,17.69854
Belgium,BEL,1995,17.92797
Belgium,BEL,1996,16.79021
Belgium,BEL,1997,17.86538
Belgium,BEL,1998,16.64468
Belgium,BEL,1999,15.33369
Belgium,BEL,2002,17.61622
Belgium,BEL,2004,15.95385
Belgium,BEL,2005,15.95385
Belize,BLZ,2002,3.146572
Belize,BLZ,2004,9.388795853
Belize,BLZ,2005,9.388795853
Benin,BEN,2002,6.626652
Benin,BEN,2004,6.057739735
Benin,BEN,2005,6.057739735
Bhutan,BTN,2002,17.39743
Bhutan,BTN,2004,15.54260254
Bhutan,BTN,2005,15.54260254
Bolivia,BOL,2002,2.206954
Bolivia,BOL,2004,2.034178495
Bolivia,BOL,2005,2.034178495
Bosnia and Herzegovina,BIH,1985,10.2689
Bosnia and Herzegovina,BIH,1986,11.7112
Bosnia and Herzegovina,BIH,1987,11.22201
Bosnia and Herzegovina,BIH,1988,9.739096
Bosnia and Herzegovina,BIH,1989,9.906481
Bosnia and Herzegovina,BIH,1990,10.18912
Bosnia and Herzegovina,BIH,1991,11.34873
Bosnia and Herzegovina,BIH,2002,12.45098
Bosnia and Herzegovina,BIH,2004,11.8367157
Bosnia and Herzegovina,BIH,2005,11.8367157
Botswana,BWA,2002,7.453454
Botswana,BWA,2004,11.21397018
Botswana,BWA,2005,11.21397018
Brazil,BRA,1982,3.825186
Brazil,BRA,1983,4.306122
Brazil,BRA,1984,4.103057
Brazil,BRA,1985,3.875458
Brazil,BRA,1986,3.839376
Brazil,BRA,1987,4.032371
Brazil,BRA,1988,3.743677
Brazil,BRA,1989,3.627627
Brazil,BRA,1990,3.817847
Brazil,BRA,1991,4.002315
Brazil,BRA,1992,3.943459
Brazil,BRA,1993,3.987151
Brazil,BRA,1994,4.16313
Brazil,BRA,1995,4.613017
Brazil,BRA,1996,4.593544
Brazil,BRA,1997,4.648774
Brazil,BRA,1998,4.570699
Brazil,BRA,1999,4.156154
Brazil,BRA,2000,4.235338
Brazil,BRA,2001,4.689151
Brazil,BRA,2002,4.564688
Brazil,BRA,2003,4.541708
Brazil,BRA,2004,4.544517
Brazil,BRA,2005,4.777007
Brunei,BRN,2002,1.450894
Brunei,BRN,2004,1.370001554
Brunei,BRN,2005,1.370001554
Bulgaria,BGR,1964,8.495569
Bulgaria,BGR,1965,8.836132
Bulgaria,BGR,1966,9.524807
Bulgaria,BGR,1967,9.771757
Bulgaria,BGR,1968,9.300859
Bulgaria,BGR,1969,10.71659
Bulgaria,BGR,1970,11.03628
Bulgaria,BGR,1971,11.23274
Bulgaria,BGR,1972,10.35056
Bulgaria,BGR,1973,10.41801
Bulgaria,BGR,1974,11.29529
Bulgaria,BGR,1975,11.47946
Bulgaria,BGR,1976,12.37924
Bulgaria,BGR,1977,12.56126
Bulgaria,BGR,1978,11.87868
Bulgaria,BGR,1979,12.44803
Bulgaria,BGR,1980,11.81065
Bulgaria,BGR,1981,11.7393
Bulgaria,BGR,1982,13.22019
Bulgaria,BGR,1983,11.19199
Bulgaria,BGR,1984,14.27714
Bulgaria,BGR,1985,13.53859
Bulgaria,BGR,1986,13.31617
Bulgaria,BGR,1987,13.86124
Bulgaria,BGR,1988,13.47092
Bulgaria,BGR,1989,13.49538
Bulgaria,BGR,1990,12.25013
Bulgaria,BGR,1991,12.60847
Bulgaria,BGR,1992,14.42051
Bulgaria,BGR,1993,14.11095
Bulgaria,BGR,1994,13.8071
Bulgaria,BGR,1995,13.50905
Bulgaria,BGR,1996,14.4721
Bulgaria,BGR,1997,13.69746
Bulgaria,BGR,1998,14.18205
Bulgaria,BGR,1999,12.25715
Bulgaria,BGR,2000,13.05248
Bulgaria,BGR,2001,12.40352
Bulgaria,BGR,2002,12.3741
Bulgaria,BGR,2003,10.38297
Bulgaria,BGR,2004,9.517831
Bulgaria,BGR,2005,9.216544
Burkina Faso,BFA,2002,8.277635
Burkina Faso,BFA,2004,8.204221725
Burkina Faso,BFA,2005,8.204221725
Burundi,BDI,2002,10.84354
Burundi,BDI,2004,14.68093586
Burundi,BDI,2005,14.68093586
Cambodia,KHM,2002,5.028395
Cambodia,KHM,2004,4.961071491
Cambodia,KHM,2005,4.961071491
Cameroon,CMR,2002,6.682539
Cameroon,CMR,2004,7.214220524
Cameroon,CMR,2005,7.214220524
Canada,CAN,1950,8.201165
Canada,CAN,1951,7.869432
Canada,CAN,1952,7.786166
Canada,CAN,1953,7.629456
Canada,CAN,1954,7.803952
Canada,CAN,1955,7.667578
Canada,CAN,1956,8.347555
Canada,CAN,1957,8.257942
Canada,CAN,1958,8.249329
Canada,CAN,1959,8.147938
Canada,CAN,1960,8.403479
Canada,CAN,1961,8.312451
Canada,CAN,1962,8.002673
Canada,CAN,1963,8.473262
Canada,CAN,1964,9.206102
Canada,CAN,1965,9.751631
Canada,CAN,1966,9.506003
Canada,CAN,1967,9.95408
Canada,CAN,1968,10.67558
Canada,CAN,1969,11.75264
Canada,CAN,1970,12.15343
Canada,CAN,1971,12.61654
Canada,CAN,1972,12.78639
Canada,CAN,1973,13.05484
Canada,CAN,1974,13.28622
Canada,CAN,1975,12.50456
Canada,CAN,1976,12.90813
Canada,CAN,1977,14.12873
Canada,CAN,1978,14.53326
Canada,CAN,1979,13.82573
Canada,CAN,1980,13.54163
Canada,CAN,1981,13.4263
Canada,CAN,1982,13.84684
Canada,CAN,1983,14.30516
Canada,CAN,1984,12.95502
Canada,CAN,1985,12.08838
Canada,CAN,1986,13.58978
Canada,CAN,1987,13.16523
Canada,CAN,1988,12.67723
Canada,CAN,1989,12.47078
Canada,CAN,1990,11.86393
Canada,CAN,1991,12.32333
Canada,CAN,1992,12.22278
Canada,CAN,1993,12.2041
Canada,CAN,1994,11.94806
Canada,CAN,1995,12.46905
Canada,CAN,1996,12.25137
Canada,CAN,1997,11.30162
Canada,CAN,1998,11.27126
Canada,CAN,1999,12.13107
Canada,CAN,2000,10.69649
Canada,CAN,2001,10.76762
Canada,CAN,2002,10.46119
Canada,CAN,2003,10.61292
Canada,CAN,2004,10.10099
Canada,CAN,2005,10.10099
Cape Verde,CPV,2002,3.929598
Cape Verde,CPV,2004,5.633333683
Cape Verde,CPV,2005,5.633333683
Central African Republic,CAF,2002,13.10169
Central African Republic,CAF,2004,13.54841995
Central African Republic,CAF,2005,13.54841995
Chad,TCD,2002,7.292041
Chad,TCD,2004,8.283070564
Chad,TCD,2005,8.283070564
Chile,CHL,1955,5.732178
Chile,CHL,1956,9.149643
Chile,CHL,1957,9.159602
Chile,CHL,1958,8.201006
Chile,CHL,1959,6.93117
Chile,CHL,1960,9.322284
Chile,CHL,1961,9.362956
Chile,CHL,1962,8.013679
Chile,CHL,1963,4.446839
Chile,CHL,1964,3.545123
Chile,CHL,1965,2.473813
Chile,CHL,1966,8.50732
Chile,CHL,1967,2.656462
Chile,CHL,1968,10.47899
Chile,CHL,1969,8.529561
Chile,CHL,1970,7.418612
Chile,CHL,1971,7.009671
Chile,CHL,1972,6.752884
Chile,CHL,1973,6.184073
Chile,CHL,1974,6.592804
Chile,CHL,1975,8.086133
Chile,CHL,1976,6.591233
Chile,CHL,1977,6.894048
Chile,CHL,1978,6.103039
Chile,CHL,1979,6.715106
Chile,CHL,1980,5.364541
Chile,CHL,1981,6.45021
Chile,CHL,1982,6.346614
Chile,CHL,1983,6.285039
Chile,CHL,1984,6.772761
Chile,CHL,1985,6.411797
Chile,CHL,1986,5.869994
Chile,CHL,1987,6.044198
Chile,CHL,1988,5.967246
Chile,CHL,1989,6.044353
Chile,CHL,1990,6.141553
Chile,CHL,1991,6.335704
Chile,CHL,1992,5.133439
Chile,CHL,1993,5.751341
Chile,CHL,1994,6.051927
Chile,CHL,1995,6.892183
Chile,CHL,1996,6.639486
Chile,CHL,1997,6.445821
Chile,CHL,1998,7.180727
Chile,CHL,1999,7.095457
Chile,CHL,2000,9.828766
Chile,CHL,2001,10.61102
Chile,CHL,2002,10.2641
Chile,CHL,2003,10.40894
Chile,CHL,2004,10.68438
Chile,CHL,2005,10.17187
China,CHN,2002,21.20328
China,CHN,2004,16.91324806
China,CHN,2005,16.91324806
Colombia,COL,1953,1.143741
Colombia,COL,1954,1.939235
Colombia,COL,1955,1.592191
Colombia,COL,1956,1.259542
Colombia,COL,1957,0.8708677
Colombia,COL,1958,3.027905
Colombia,COL,1959,3.564371
Colombia,COL,1960,3.647928
Colombia,COL,1961,4.86364
Colombia,COL,1962,5.712422
Colombia,COL,1963,5.711245
Colombia,COL,1964,5.996255
Colombia,COL,1965,7.919828
Colombia,COL,1966,7.37764
Colombia,COL,1967,8.422912
Colombia,COL,1968,5.364674
Colombia,COL,1969,3.950341
Colombia,COL,1972,4.65205
Colombia,COL,1974,4.668807
Colombia,COL,1975,4.353875
Colombia,COL,1976,4.243285
Colombia,COL,1977,3.666697
Colombia,COL,1984,4.271548
Colombia,COL,1985,4.051735
Colombia,COL,1986,3.677213
Colombia,COL,1987,3.164829
Colombia,COL,1988,3.051975
Colombia,COL,1989,2.747055
Colombia,COL,1990,2.785237
Colombia,COL,1991,3.234375
Colombia,COL,1992,3.536186
Colombia,COL,1993,3.530796
Colombia,COL,1994,3.812184
Colombia,COL,1995,3.383617
Colombia,COL,1996,3.485843
Colombia,COL,1997,3.446733
Colombia,COL,1998,5.588333
Colombia,COL,1999,5.658078
Colombia,COL,2000,5.991631
Colombia,COL,2001,6.040267
Colombia,COL,2002,5.728444
Colombia,COL,2004,5.359842
Colombia,COL,2005,4.907702
Comoros,COM,2002,4.377626
Comoros,COM,2004,4.751083851
Comoros,COM,2005,4.751083851
Congo,COG,2002,9.821898
Congo,COG,2004,9.873761177
Congo,COG,2005,9.873761177
Cook Islands,COK,2002,4.565275
Cook Islands,COK,2004,4.373364925
Cook Islands,COK,2005,4.373364925
Costa Rica,CRI,1962,3.191089
Costa Rica,CRI,1963,5.0869
Costa Rica,CRI,1964,4.245873
Costa Rica,CRI,1965,3.307125
Costa Rica,CRI,1966,4.695526
Costa Rica,CRI,1967,4.536897
Costa Rica,CRI,1968,3.973893
Costa Rica,CRI,1969,4.448352
Costa Rica,CRI,1970,3.369493
Costa Rica,CRI,1971,4.513411
Costa Rica,CRI,1972,4.327007
Costa Rica,CRI,1973,3.82232
Costa Rica,CRI,1974,5.254248
Costa Rica,CRI,1975,5.511003
Costa Rica,CRI,1976,7.761082
Costa Rica,CRI,1977,5.392559
Costa Rica,CRI,1978,5.073589
Costa Rica,CRI,1979,4.458363
Costa Rica,CRI,1980,6.46803
Costa Rica,CRI,1981,4.8651
Costa Rica,CRI,1982,5.131508
Costa Rica,CRI,1983,6.441837
Costa Rica,CRI,1984,5.493137
Costa Rica,CRI,1985,5.805995
Costa Rica,CRI,1986,6.317045
Costa Rica,CRI,1987,5.173544
Costa Rica,CRI,1988,6.244262
Costa Rica,CRI,1989,6.56845
Costa Rica,CRI,1990,6.197185
Costa Rica,CRI,1991,4.959392
Costa Rica,CRI,1992,5.57368
Costa Rica,CRI,1993,6.022556
Costa Rica,CRI,1994,5.668564
Costa Rica,CRI,1995,6.598767
Costa Rica,CRI,1996,6.420972
Costa Rica,CRI,1997,5.810333
Costa Rica,CRI,1998,6.536646
Costa Rica,CRI,1999,6.66712
Costa Rica,CRI,2000,6.668331
Costa Rica,CRI,2001,5.569319
Costa Rica,CRI,2002,7.162079
Costa Rica,CRI,2003,8.001172
Costa Rica,CRI,2004,8.127507
Costa Rica,CRI,2005,6.597168
Cote d'Ivoire,CIV,2002,15.30599
Cote d'Ivoire,CIV,2004,20.31793022
Cote d'Ivoire,CIV,2005,20.31793022
Croatia,HRV,1985,19.2657
Croatia,HRV,1986,18.90348
Croatia,HRV,1987,20.36738
Croatia,HRV,1988,20.06863
Croatia,HRV,1989,18.28827
Croatia,HRV,1990,19.85799
Croatia,HRV,1991,19.34206
Croatia,HRV,1992,20.56279
Croatia,HRV,1993,19.38528
Croatia,HRV,1994,19.0867
Croatia,HRV,1995,16.5339
Croatia,HRV,1996,19.20495
Croatia,HRV,1997,17.57784
Croatia,HRV,1998,19.31718
Croatia,HRV,1999,18.57795
Croatia,HRV,2000,18.02292
Croatia,HRV,2001,15.58207
Croatia,HRV,2002,15.20331
Croatia,HRV,2003,14.94755
Croatia,HRV,2004,14.6266
Croatia,HRV,2005,14.77625
Cuba,CUB,1964,12.48559
Cuba,CUB,1968,13.98158
Cuba,CUB,1969,12.12626
Cuba,CUB,1970,14.18285
Cuba,CUB,1971,16.16134
Cuba,CUB,1972,17.42713
Cuba,CUB,1973,19.44759
Cuba,CUB,1974,21.26069
Cuba,CUB,1975,20.65146
Cuba,CUB,1976,21.28447
Cuba,CUB,1977,21.30074
Cuba,CUB,1992,20.67097
Cuba,CUB,1993,21.14372
Cuba,CUB,1994,19.94513
Cuba,CUB,1995,19.15213
Cuba,CUB,1996,17.16899
Cuba,CUB,1997,16.79339
Cuba,CUB,1998,16.73562
Cuba,CUB,1999,16.43439
Cuba,CUB,2000,14.73542
Cuba,CUB,2001,13.03323
Cuba,CUB,2002,12.36816
Cuba,CUB,2003,11.48033
Cuba,CUB,2004,11.55148
Cuba,CUB,2005,10.57191
Cyprus,CYP,1999,0.1312417
Cyprus,CYP,2000,1.085972
Cyprus,CYP,2002,0.6061239
Cyprus,CYP,2004,0.6143094
Cyprus,CYP,2005,2.206169
Czech Republic,CZE,1986,18.34381
Czech Republic,CZE,1987,16.36347
Czech Republic,CZE,1988,16.59023
Czech Republic,CZE,1989,16.07412
Czech Republic,CZE,1990,16.6598
Czech Republic,CZE,1991,16.09865
Czech Republic,CZE,1992,16.63402
Czech Republic,CZE,1993,16.05735
Czech Republic,CZE,1994,15.42972
Czech Republic,CZE,1995,14.45792
Czech Republic,CZE,1996,12.87189
Czech Republic,CZE,1997,13.6167
Czech Republic,CZE,1998,13.16321
Czech Republic,CZE,1999,12.95432
Czech Republic,CZE,2000,13.30353
Czech Republic,CZE,2001,12.96745
Czech Republic,CZE,2002,12.25913
Czech Republic,CZE,2003,13.73023
Czech Republic,CZE,2004,12.57968
Czech Republic,CZE,2005,12.36798
Czechoslovakia,OWID_CZS,1953,18.96523
Czechoslovakia,OWID_CZS,1954,19.44373
Czechoslovakia,OWID_CZS,1955,18.7464
Czechoslovakia,OWID_CZS,1956,19.39845
Czechoslovakia,OWID_CZS,1957,19.76243
Czechoslovakia,OWID_CZS,1958,19.55592
Czechoslovakia,OWID_CZS,1959,20.90478
Czechoslovakia,OWID_CZS,1960,21.57999
Czechoslovakia,OWID_CZS,1961,19.95406
Czechoslovakia,OWID_CZS,1962,19.93304
Czechoslovakia,OWID_CZS,1963,20.5491
Czechoslovakia,OWID_CZS,1964,19.77859
Czechoslovakia,OWID_CZS,1965,20.48941
Czechoslovakia,OWID_CZS,1966,22.1313
Czechoslovakia,OWID_CZS,1967,22.7391
Czechoslovakia,OWID_CZS,1968,23.26697
Czechoslovakia,OWID_CZS,1969,21.77464
Czechoslovakia,OWID_CZS,1970,23.75488
Czechoslovakia,OWID_CZS,1971,22.63649
Czechoslovakia,OWID_CZS,1972,22.7179
Czechoslovakia,OWID_CZS,1973,20.75337
Czechoslovakia,OWID_CZS,1974,21.04074
Czechoslovakia,OWID_CZS,1975,20.32091
Czechoslovakia,OWID_CZS,1976,19.20295
Czechoslovakia,OWID_CZS,1977,19.6305
Czechoslovakia,OWID_CZS,1978,19.72062
Czechoslovakia,OWID_CZS,1979,18.36911
Czechoslovakia,OWID_CZS,1980,18.44104
Czechoslovakia,OWID_CZS,1981,18.38247
Czechoslovakia,OWID_CZS,1982,18.18637
Czechoslovakia,OWID_CZS,1983,17.59199
Czechoslovakia,OWID_CZS,1984,16.84411
Czechoslovakia,OWID_CZS,1985,17.28135
Czechoslovakia,OWID_CZS,1986,17.46858
Czechoslovakia,OWID_CZS,1987,16.19857
Czechoslovakia,OWID_CZS,1988,16.12425
Czechoslovakia,OWID_CZS,1989,16.08007
Czechoslovakia,OWID_CZS,1990,16.05837
Czechoslovakia,OWID_CZS,1991,15.4163
Democratic Republic of Congo,COD,2002,7.346663
Democratic Republic of Congo,COD,2004,14.71302032
Democratic Republic of Congo,COD,2005,14.71302032
Denmark,DNK,1951,22.57001
Denmark,DNK,1952,21.80417
Denmark,DNK,1953,22.97208
Denmark,DNK,1954,22.0815
Denmark,DNK,1955,22.07839
Denmark,DNK,1956,21.21038
Denmark,DNK,1957,20.65602
Denmark,DNK,1958,19.63602
Denmark,DNK,1959,19.808
Denmark,DNK,1960,18.92327
Denmark,DNK,1961,15.55525
Denmark,DNK,1962,17.73354
Denmark,DNK,1963,17.73943
Denmark,DNK,1964,19.29921
Denmark,DNK,1965,17.74087
Denmark,DNK,1966,16.25596
Denmark,DNK,1967,16.13284
Denmark,DNK,1968,18.82345
Denmark,DNK,1969,19.19158
Denmark,DNK,1970,19.6677
Denmark,DNK,1971,22.50454
Denmark,DNK,1972,21.70824
Denmark,DNK,1973,21.58741
Denmark,DNK,1974,23.28661
Denmark,DNK,1975,21.77992
Denmark,DNK,1976,21.44132
Denmark,DNK,1977,21.75448
Denmark,DNK,1978,20.7717
Denmark,DNK,1979,23.39481
Denmark,DNK,1980,28.32473
Denmark,DNK,1981,26.38023
Denmark,DNK,1982,25.89203
Denmark,DNK,1983,24.59875
Denmark,DNK,1984,24.79798
Denmark,DNK,1985,23.78938
Denmark,DNK,1986,23.63775
Denmark,DNK,1987,23.63203
Denmark,DNK,1988,21.78305
Denmark,DNK,1989,22.05911
Denmark,DNK,1990,19.63705
Denmark,DNK,1991,18.29291
Denmark,DNK,1992,17.71487
Denmark,DNK,1993,17.76922
Denmark,DNK,1994,15.14995
Denmark,DNK,1995,14.16143
Denmark,DNK,1996,13.63372
Denmark,DNK,1997,12.45314
Denmark,DNK,1998,11.69358
Denmark,DNK,1999,11.88227
Denmark,DNK,2000,10.9605
Denmark,DNK,2001,10.74545
Denmark,DNK,2002,10.18429
Denmark,DNK,2003,9.329547
Denmark,DNK,2004,10.06166
Denmark,DNK,2005,8.973104
Djibouti,DJI,2002,5.495998
Djibouti,DJI,2004,4.993475914
Djibouti,DJI,2005,4.993475914
Dominica,DMA,2004,5.835250854
Dominica,DMA,2005,5.835250854
Dominican Republic,DOM,2002,3.62026
Dominican Republic,DOM,2004,6.519536972
Dominican Republic,DOM,2005,6.519536972
East Germany,OWID_GDR,1973,28.4586
East Germany,OWID_GDR,1974,29.79765
East Germany,OWID_GDR,1989,20.54407
East Germany,OWID_GDR,1990,19.00906
Ecuador,ECU,2002,6.129993
Ecuador,ECU,2004,8.504684448
Ecuador,ECU,2005,8.504684448
Egypt,EGY,1973,0.108874
Egypt,EGY,1974,0.0632462
Egypt,EGY,1975,0.1390825
Egypt,EGY,1976,0.1197322
Egypt,EGY,1977,0.385539
Egypt,EGY,1978,0.2234905
Egypt,EGY,1979,0.2004124
Egypt,EGY,1980,0.042237
Egypt,EGY,1987,0.0674664
Egypt,EGY,2000,0.0779294
Egypt,EGY,2002,1.748405
Egypt,EGY,2004,1.799903631
Egypt,EGY,2005,1.799903631
El Salvador,SLV,2002,9.342705
El Salvador,SLV,2004,8.42265892
El Salvador,SLV,2005,7.304886
Equatorial Guinea,GNQ,2002,7.288387
Equatorial Guinea,GNQ,2004,10.12934971
Equatorial Guinea,GNQ,2005,10.12934971
Eritrea,ERI,2002,9.22487
Eritrea,ERI,2004,8.913362503
Eritrea,ERI,2005,8.913362503
Estonia,EST,1981,33.84017
Estonia,EST,1982,29.50624
Estonia,EST,1985,28.57263
Estonia,EST,1986,25.37659
Estonia,EST,1987,23.23424
Estonia,EST,1988,22.57013
Estonia,EST,1989,24.16904
Estonia,EST,1990,25.01882
Estonia,EST,1991,24.70376
Estonia,EST,1992,29.52575
Estonia,EST,1993,35.22297
Estonia,EST,1994,37.74011
Estonia,EST,1995,36.72067
Estonia,EST,1996,34.65499
Estonia,EST,1997,33.12824
Estonia,EST,1998,30.47727
Estonia,EST,1999,29.56978
Estonia,EST,2000,23.79946
Estonia,EST,2001,25.6385
Estonia,EST,2002,23.85851
Estonia,EST,2003,21.5513
Estonia,EST,2004,20.65888
Estonia,EST,2005,16.95924
Ethiopia,ETH,2002,5.404214
Ethiopia,ETH,2004,10.07194233
Ethiopia,ETH,2005,10.07194233
Fiji,FJI,2002,4.056887
Fiji,FJI,2004,3.94025898
Fiji,FJI,2005,3.94025898
Finland,FIN,1952,18.39353
Finland,FIN,1953,18.1846
Finland,FIN,1954,19.80814
Finland,FIN,1955,20.87117
Finland,FIN,1956,23.29878
Finland,FIN,1957,22.88635
Finland,FIN,1958,22.13796
Finland,FIN,1959,20.87642
Finland,FIN,1960,21.18496
Finland,FIN,1961,21.32791
Finland,FIN,1962,22.7411
Finland,FIN,1963,19.64403
Finland,FIN,1964,20.31372
Finland,FIN,1965,20.22134
Finland,FIN,1966,19.54756
Finland,FIN,1967,20.14198
Finland,FIN,1968,22.06191
Finland,FIN,1969,23.43647
Finland,FIN,1970,20.95512
Finland,FIN,1971,21.10748
Finland,FIN,1972,22.98928
Finland,FIN,1973,22.40284
Finland,FIN,1974,23.92126
Finland,FIN,1975,23.64577
Finland,FIN,1976,24.25636
Finland,FIN,1977,24.15192
Finland,FIN,1978,23.77191
Finland,FIN,1979,23.01392
Finland,FIN,1980,23.5005
Finland,FIN,1981,21.88365
Finland,FIN,1982,22.04408
Finland,FIN,1983,22.45375
Finland,FIN,1984,23.01888
Finland,FIN,1985,22.46862
Finland,FIN,1986,24.28866
Finland,FIN,1987,24.81553
Finland,FIN,1988,25.54692
Finland,FIN,1989,25.66706
Finland,FIN,1990,27.48005
Finland,FIN,1991,26.76481
Finland,FIN,1992,26.03521
Finland,FIN,1993,24.6614
Finland,FIN,1994,24.85681
Finland,FIN,1995,24.45861
Finland,FIN,1996,21.88372
Finland,FIN,1997,23.20387
Finland,FIN,1998,21.08205
Finland,FIN,1999,21.03948
Finland,FIN,2000,20.23022
Finland,FIN,2001,20.55945
Finland,FIN,2002,18.5012
Finland,FIN,2003,18.17117
Finland,FIN,2004,18.126
Finland,FIN,2005,16.23437
France,FRA,1950,13.15992
France,FRA,1952,13.29235
France,FRA,1953,13.18141
France,FRA,1954,13.92929
France,FRA,1955,13.75461
France,FRA,1956,14.98917
France,FRA,1957,14.17177
France,FRA,1958,14.28547
France,FRA,1959,14.60973
France,FRA,1960,13.82906
France,FRA,1961,13.91007
France,FRA,1962,13.27934
France,FRA,1963,13.75892
France,FRA,1964,13.30793
France,FRA,1965,13.53311
France,FRA,1966,14.06569
France,FRA,1967,14.02401
France,FRA,1968,13.76804
France,FRA,1969,13.91817
France,FRA,1970,13.73334
France,FRA,1971,13.65924
France,FRA,1972,14.3131
France,FRA,1973,13.69903
France,FRA,1974,13.84374
France,FRA,1975,13.91132
France,FRA,1976,13.94507
France,FRA,1977,14.55289
France,FRA,1978,15.10253
France,FRA,1979,16.34446
France,FRA,1980,16.85985
France,FRA,1981,16.98194
France,FRA,1982,17.992
France,FRA,1983,18.64797
France,FRA,1984,18.86752
France,FRA,1985,19.29249
France,FRA,1986,19.4723
France,FRA,1987,18.48448
France,FRA,1988,17.51214
France,FRA,1989,17.50628
France,FRA,1990,16.83448
France,FRA,1991,16.87893
France,FRA,1992,16.98829
France,FRA,1993,17.85212
France,FRA,1994,17.36844
France,FRA,1995,16.79073
France,FRA,1996,15.99484
France,FRA,1997,15.63212
France,FRA,1998,14.81209
France,FRA,1999,14.38218
France,FRA,2000,14.99261
France,FRA,2001,14.45022
France,FRA,2002,14.59405
France,FRA,2003,14.75186
France,FRA,2004,14.49824
France,FRA,2005,14.09153
Gabon,GAB,2002,6.143663
Gabon,GAB,2004,7.745064735
Gabon,GAB,2005,7.745064735
Gambia,GMB,2002,6.174481
Gambia,GMB,2004,6.449156761
Gambia,GMB,2005,6.449156761
Georgia,GEO,1981,6.076667
Georgia,GEO,1982,4.933132
Georgia,GEO,1985,4.419733
Georgia,GEO,1986,4.354987
Georgia,GEO,1987,4.046421
Georgia,GEO,1988,4.041069
Georgia,GEO,1989,4.360628
Georgia,GEO,1990,3.407541
Georgia,GEO,1991,3.398556
Georgia,GEO,1992,4.035575
Georgia,GEO,1994,3.029489
Georgia,GEO,1995,3.767147
Georgia,GEO,1996,4.243863
Georgia,GEO,1997,4.23626
Georgia,GEO,1998,3.172312
Georgia,GEO,1999,4.040097
Georgia,GEO,2000,2.438867
Georgia,GEO,2001,1.812108
Georgia,GEO,2002,2.636733
Georgia,GEO,2004,1.574350119
Georgia,GEO,2005,1.574350119
Germany,DEU,1990,13.66385
Germany,DEU,1991,13.68715
Germany,DEU,1992,13.01187
Germany,DEU,1993,12.24476
Germany,DEU,1994,12.34759
Germany,DEU,1995,12.39623
Germany,DEU,1996,11.75019
Germany,DEU,1997,11.73983
Germany,DEU,1998,11.17164
Germany,DEU,1999,10.62603
Germany,DEU,2000,10.41616
Germany,DEU,2001,10.44023
Germany,DEU,2002,10.30427
Germany,DEU,2003,10.22221
Germany,DEU,2004,9.719625
Germany,DEU,2005,9.211085
Ghana,GHA,2002,5.483176
Ghana,GHA,2004,6.288554668
Ghana,GHA,2005,6.288554668
Greece,GRC,1961,4.290765
Greece,GRC,1962,3.351786
Greece,GRC,1963,3.719273
Greece,GRC,1964,3.110028
Greece,GRC,1965,3.191037
Greece,GRC,1966,3.089904
Greece,GRC,1967,3.286323
Greece,GRC,1968,3.424427
Greece,GRC,1969,3.297191
Greece,GRC,1970,2.90197
Greece,GRC,1971,3.066059
Greece,GRC,1972,2.421791
Greece,GRC,1973,2.671934
Greece,GRC,1974,3.139178
Greece,GRC,1975,2.53475
Greece,GRC,1976,2.509134
Greece,GRC,1977,2.942651
Greece,GRC,1978,2.634506
Greece,GRC,1979,2.558398
Greece,GRC,1980,2.851855
Greece,GRC,1981,2.959483
Greece,GRC,1982,3.137589
Greece,GRC,1983,3.33327
Greece,GRC,1984,3.507659
Greece,GRC,1985,3.529792
Greece,GRC,1986,3.379197
Greece,GRC,1987,3.50369
Greece,GRC,1988,3.392476
Greece,GRC,1989,3.300551
Greece,GRC,1990,2.945486
Greece,GRC,1991,3.068598
Greece,GRC,1992,2.76838
Greece,GRC,1993,3.293962
Greece,GRC,1994,2.779026
Greece,GRC,1995,2.922064
Greece,GRC,1996,2.751279
Greece,GRC,1997,2.973723
Greece,GRC,1998,3.03325
Greece,GRC,1999,2.892445
Greece,GRC,2000,2.911162
Greece,GRC,2001,2.503332
Greece,GRC,2002,2.292947
Greece,GRC,2003,2.775587
Greece,GRC,2004,2.52179
Greece,GRC,2005,2.816705
Grenada,GRD,2002,3.68991
Grenada,GRD,2004,3.576478243
Grenada,GRD,2005,3.576478243
Guatemala,GTM,1963,3.766605
Guatemala,GTM,1964,3.561324
Guatemala,GTM,1965,3.462687
Guatemala,GTM,1966,2.772673
Guatemala,GTM,1967,4.762259
Guatemala,GTM,1968,5.019979
Guatemala,GTM,1969,3.423468
Guatemala,GTM,1970,3.976593
Guatemala,GTM,1971,4.443132
Guatemala,GTM,1977,0.0383766
Guatemala,GTM,1979,1.702128
Guatemala,GTM,1980,1.591387
Guatemala,GTM,1981,0.7140864
Guatemala,GTM,1984,0.9041516
Guatemala,GTM,1986,3.186091
Guatemala,GTM,1987,3.803987
Guatemala,GTM,1988,2.704049
Guatemala,GTM,1989,2.403
Guatemala,GTM,1990,2.316778
Guatemala,GTM,1991,2.309885
Guatemala,GTM,1992,2.585601
Guatemala,GTM,1993,2.376221
Guatemala,GTM,1994,1.827944
Guatemala,GTM,1995,2.733798
Guatemala,GTM,1996,2.135659
Guatemala,GTM,1997,2.18534
Guatemala,GTM,1998,2.405913
Guatemala,GTM,1999,2.756548
Guatemala,GTM,2000,1.975233
Guatemala,GTM,2001,2.232231
Guatemala,GTM,2002,2.875398
Guatemala,GTM,2003,2.637938
Guatemala,GTM,2004,2.441434
Guatemala,GTM,2005,2.234896
Guinea,GIN,2002,7.559197
Guinea,GIN,2004,7.443826199
Guinea,GIN,2005,7.443826199
Guinea-Bissau,GNB,2002,7.160841
Guinea-Bissau,GNB,2004,7.563692093
Guinea-Bissau,GNB,2005,7.563692093
Guyana,GUY,2002,21.03666
Guyana,GUY,2004,35.75287247
Guyana,GUY,2005,35.75287247
Haiti,HTI,2002,1.327544
Haiti,HTI,2004,1.519248009
Haiti,HTI,2005,1.519248009
Honduras,HND,2002,9.136425
Honduras,HND,2004,7.060184479
Honduras,HND,2005,7.060184479
Hungary,HUN,1955,20.56651
Hungary,HUN,1956,19.2651
Hungary,HUN,1957,21.22462
Hungary,HUN,1958,23.01719
Hungary,HUN,1959,25.01546
Hungary,HUN,1960,24.0992
Hungary,HUN,1961,24.43875
Hungary,HUN,1962,23.80812
Hungary,HUN,1963,25.57378
Hungary,HUN,1964,26.82395
Hungary,HUN,1965,27.76844
Hungary,HUN,1966,27.2135
Hungary,HUN,1967,28.61994
Hungary,HUN,1968,30.45475
Hungary,HUN,1969,29.73649
Hungary,HUN,1970,30.75247
Hungary,HUN,1971,31.83216
Hungary,HUN,1972,32.43127
Hungary,HUN,1973,32.05293
Hungary,HUN,1974,35.13136
Hungary,HUN,1975,33.18042
Hungary,HUN,1976,34.7974
Hungary,HUN,1977,34.41054
Hungary,HUN,1978,37.23392
Hungary,HUN,1979,38.48032
Hungary,HUN,1980,39.0257
Hungary,HUN,1981,39.33583
Hungary,HUN,1982,37.30019
Hungary,HUN,1983,39.79675
Hungary,HUN,1984,39.57996
Hungary,HUN,1985,38.0765
Hungary,HUN,1986,38.7937
Hungary,HUN,1987,38.58114
Hungary,HUN,1988,35.17373
Hungary,HUN,1989,35.27217
Hungary,HUN,1990,33.45535
Hungary,HUN,1991,32.32246
Hungary,HUN,1992,32.48295
Hungary,HUN,1993,29.84571
Hungary,HUN,1994,29.13849
Hungary,HUN,1995,26.65895
Hungary,HUN,1996,26.95442
Hungary,HUN,1997,25.09564
Hungary,HUN,1998,25.77442
Hungary,HUN,1999,26.81863
Hungary,HUN,2000,26.17464
Hungary,HUN,2001,23.24695
Hungary,HUN,2002,22.31117
Hungary,HUN,2003,21.50005
Hungary,HUN,2004,21.30929
Hungary,HUN,2005,20.16201
Iceland,ISL,2002,11.5195
Iceland,ISL,2004,11.42618084
Iceland,ISL,2005,11.42618084
India,IND,2002,19.10727
India,IND,2004,18.58382607
India,IND,2005,18.58382607
Indonesia,IDN,2002,12.20369
Indonesia,IDN,2004,11.39611149
Indonesia,IDN,2005,11.39611149
Iran,IRN,2002,8.735305
Iran,IRN,2004,6.021882057
Iran,IRN,2005,6.021882057
Iraq,IRQ,2002,8.374964
Iraq,IRQ,2004,17.03264618
Iraq,IRQ,2005,17.03264618
Ireland,IRL,1950,2.576427
Ireland,IRL,1951,2.5951
Ireland,IRL,1952,2.139424
Ireland,IRL,1953,2.084519
Ireland,IRL,1954,2.020635
Ireland,IRL,1955,2.36204
Ireland,IRL,1956,2.63976
Ireland,IRL,1957,2.478547
Ireland,IRL,1958,2.666456
Ireland,IRL,1959,2.569155
Ireland,IRL,1960,2.859048
Ireland,IRL,1961,3.269393
Ireland,IRL,1962,1.894674
Ireland,IRL,1963,2.566983
Ireland,IRL,1964,2.102345
Ireland,IRL,1965,1.793074
Ireland,IRL,1966,2.288637
Ireland,IRL,1967,2.499259
Ireland,IRL,1968,2.648572
Ireland,IRL,1969,1.81854
Ireland,IRL,1970,1.872287
Ireland,IRL,1971,3.084166
Ireland,IRL,1972,3.215841
Ireland,IRL,1973,3.622531
Ireland,IRL,1974,4.256819
Ireland,IRL,1975,5.251976
Ireland,IRL,1976,5.984446
Ireland,IRL,1977,5.061938
Ireland,IRL,1978,5.406909
Ireland,IRL,1979,5.977359
Ireland,IRL,1980,7.020132
Ireland,IRL,1981,7.216063
Ireland,IRL,1982,7.418434
Ireland,IRL,1983,8.555241
Ireland,IRL,1984,6.993085
Ireland,IRL,1985,8.168057
Ireland,IRL,1986,8.401656
Ireland,IRL,1987,7.21089
Ireland,IRL,1988,7.815588
Ireland,IRL,1989,8.16873
Ireland,IRL,1990,9.989139
Ireland,IRL,1991,10.1047
Ireland,IRL,1992,10.42875
Ireland,IRL,1993,9.286868
Ireland,IRL,1994,11.02657
Ireland,IRL,1995,11.12525
Ireland,IRL,1996,11.22048
Ireland,IRL,1997,12.51227
Ireland,IRL,1998,13.16638
Ireland,IRL,1999,10.99975
Ireland,IRL,2000,11.80496
Ireland,IRL,2001,12.19669
Ireland,IRL,2002,10.93738
Ireland,IRL,2003,10.78193
Ireland,IRL,2004,10.90351
Ireland,IRL,2005,10.36507
Israel,ISR,1975,8.390099
Israel,ISR,1976,8.078858
Israel,ISR,1977,7.223123
Israel,ISR,1978,6.227843
Israel,ISR,1979,7.480589
Israel,ISR,1980,6.553365
Israel,ISR,1981,5.766298
Israel,ISR,1982,5.661121
Israel,ISR,1983,6.476391
Israel,ISR,1984,5.915869
Israel,ISR,1985,5.948347
Israel,ISR,1986,6.992752
Israel,ISR,1987,6.665237
Israel,ISR,1988,7.506437
Israel,ISR,1989,8.217665
Israel,ISR,1990,6.995386
Israel,ISR,1991,7.690311
Israel,ISR,1992,7.780435
Israel,ISR,1993,7.290931
Israel,ISR,1994,7.971104
Israel,ISR,1995,6.60699
Israel,ISR,1996,5.384706
Israel,ISR,1997,6.458297
Israel,ISR,1998,5.37284
Israel,ISR,1999,6.080658
Israel,ISR,2000,6.264348
Israel,ISR,2001,6.154231
Israel,ISR,2002,5.893611
Israel,ISR,2003,6.361498
Israel,ISR,2004,6.088309
Israel,ISR,2005,5.931845
Italy,ITA,1951,6.741952
Italy,ITA,1952,6.215577
Italy,ITA,1953,6.314083
Italy,ITA,1954,5.898098
Italy,ITA,1955,6.432989
Italy,ITA,1956,6.47865
Italy,ITA,1957,6.252029
Italy,ITA,1958,5.940865
Italy,ITA,1959,5.978304
Italy,ITA,1960,5.758146
Italy,ITA,1961,5.20988
Italy,ITA,1962,5.077321
Italy,ITA,1963,4.884308
Italy,ITA,1964,5.01984
Italy,ITA,1965,5.080476
Italy,ITA,1966,4.755507
Italy,ITA,1967,5.072762
Italy,ITA,1968,4.909084
Italy,ITA,1969,5.000934
Italy,ITA,1970,5.186391
Italy,ITA,1971,5.396069
Italy,ITA,1972,5.260768
Italy,ITA,1973,5.075356
Italy,ITA,1974,4.742774
Italy,ITA,1975,4.90521
Italy,ITA,1976,4.944437
Italy,ITA,1977,5.444005
Italy,ITA,1978,5.600551
Italy,ITA,1979,6.052142
Italy,ITA,1980,6.204662
Italy,ITA,1981,5.824463
Italy,ITA,1982,6.243677
Italy,ITA,1983,6.257329
Italy,ITA,1984,6.417727
Italy,ITA,1985,6.722367
Italy,ITA,1986,6.587619
Italy,ITA,1987,6.28534
Italy,ITA,1988,6.018995
Italy,ITA,1989,5.983258
Italy,ITA,1990,5.978657
Italy,ITA,1991,6.046276
Italy,ITA,1992,6.24772
Italy,ITA,1993,6.412189
Italy,ITA,1994,6.182798
Italy,ITA,1995,6.157893
Italy,ITA,1996,6.348938
Italy,ITA,1997,6.265896
Italy,ITA,1998,5.947945
Italy,ITA,1999,5.439456
Italy,ITA,2000,5.431369
Italy,ITA,2001,5.298044
Italy,ITA,2002,5.34118
Italy,ITA,2003,5.234479
Italy,ITA,2004,5.31370163
Italy,ITA,2005,4.930044509
Jamaica,JAM,2002,0.1023526
Jamaica,JAM,2004,4.417507172
Jamaica,JAM,2005,4.417507172
Japan,JPN,1950,24.59151
Japan,JPN,1951,22.29591
Japan,JPN,1952,22.08236
Japan,JPN,1953,23.71347
Japan,JPN,1954,26.39625
Japan,JPN,1955,28.07184
Japan,JPN,1956,27.20567
Japan,JPN,1957,26.59276
Japan,JPN,1958,27.66998
Japan,JPN,1959,24.61028
Japan,JPN,1960,23.21706
Japan,JPN,1961,21.11743
Japan,JPN,1962,18.91668
Japan,JPN,1963,17.30252
Japan,JPN,1964,16.28279
Japan,JPN,1965,15.84236
Japan,JPN,1966,16.12502
Japan,JPN,1967,14.90673
Japan,JPN,1968,15.12224
Japan,JPN,1969,15.03189
Japan,JPN,1970,15.5977
Japan,JPN,1971,15.73448
Japan,JPN,1972,16.93228
Japan,JPN,1973,17.40054
Japan,JPN,1974,17.45248
Japan,JPN,1975,17.71988
Japan,JPN,1976,17.25519
Japan,JPN,1977,17.36071
Japan,JPN,1978,17.03292
Japan,JPN,1979,17.21527
Japan,JPN,1980,16.62432
Japan,JPN,1981,15.94026
Japan,JPN,1982,16.10316
Japan,JPN,1983,19.1621
Japan,JPN,1984,18.27207
Japan,JPN,1985,17.23945
Japan,JPN,1986,18.65963
Japan,JPN,1987,16.91342
Japan,JPN,1988,15.85286
Japan,JPN,1989,14.41714
Japan,JPN,1990,13.47138
Japan,JPN,1991,13.14442
Japan,JPN,1992,13.60945
Japan,JPN,1993,13.2138
Japan,JPN,1994,13.42681
Japan,JPN,1995,13.55417
Japan,JPN,1996,13.8193
Japan,JPN,1997,14.50057
Japan,JPN,1998,19.48383
Japan,JPN,1999,19.21572
Japan,JPN,2000,18.35094
Japan,JPN,2001,17.73354
Japan,JPN,2002,18.02855
Japan,JPN,2003,19.64956
Japan,JPN,2004,18.53678
Japan,JPN,2005,18.94693
Jordan,JOR,2002,24.4132
Jordan,JOR,2004,0.201448724
Jordan,JOR,2005,0.201448724
Kazakhstan,KAZ,1981,25.95578
Kazakhstan,KAZ,1982,25.19905
Kazakhstan,KAZ,1985,25.35711
Kazakhstan,KAZ,1986,18.90608
Kazakhstan,KAZ,1987,18.45182
Kazakhstan,KAZ,1988,19.10512
Kazakhstan,KAZ,1989,21.81671
Kazakhstan,KAZ,1990,20.99151
Kazakhstan,KAZ,1991,19.86248
Kazakhstan,KAZ,1992,21.39656
Kazakhstan,KAZ,1993,25.45937
Kazakhstan,KAZ,1994,25.91698
Kazakhstan,KAZ,1995,30.82395
Kazakhstan,KAZ,1996,32.14676
Kazakhstan,KAZ,1997,31.42593
Kazakhstan,KAZ,1998,30.33114
Kazakhstan,KAZ,1999,27.94533
Kazakhstan,KAZ,2000,30.73418
Kazakhstan,KAZ,2001,30.30312
Kazakhstan,KAZ,2002,28.98491
Kazakhstan,KAZ,2003,29.28847
Kazakhstan,KAZ,2004,28.99517
Kazakhstan,KAZ,2005,25.4046
Kenya,KEN,2002,9.247238
Kenya,KEN,2004,10.93771839
Kenya,KEN,2005,10.93771839
Kuwait,KWT,1972,0.3344417
Kuwait,KWT,1975,0.5039009
Kuwait,KWT,1976,0.2114564
Kuwait,KWT,1977,0.3212973
Kuwait,KWT,1978,1.210655
Kuwait,KWT,1979,0.3448732
Kuwait,KWT,1980,0.9172871
Kuwait,KWT,1981,0.9992955
Kuwait,KWT,1982,0.1200728
Kuwait,KWT,1983,0.4176624
Kuwait,KWT,1984,0.69339
Kuwait,KWT,1985,1.075324
Kuwait,KWT,1986,0.7646793
Kuwait,KWT,1987,1.038386
Kuwait,KWT,1993,1.153198
Kuwait,KWT,1994,1.377272
Kuwait,KWT,1995,1.446493
Kuwait,KWT,1996,1.521961
Kuwait,KWT,1997,1.604368
Kuwait,KWT,1998,1.308118
Kuwait,KWT,1999,1.526372
Kuwait,KWT,2000,1.235284
Kuwait,KWT,2001,1.152414
Kuwait,KWT,2002,1.564255
Kuwait,KWT,2004,1.508789182
Kuwait,KWT,2005,1.498057424
Kyrgyzstan,KGZ,1981,17.47066
Kyrgyzstan,KGZ,1982,17.13514
Kyrgyzstan,KGZ,1985,15.18141
Kyrgyzstan,KGZ,1986,11.66019
Kyrgyzstan,KGZ,1987,14.29389
Kyrgyzstan,KGZ,1988,14.31887
Kyrgyzstan,KGZ,1989,15.29714
Kyrgyzstan,KGZ,1990,16.08053
Kyrgyzstan,KGZ,1991,15.4267
Kyrgyzstan,KGZ,1992,13.81654
Kyrgyzstan,KGZ,1993,16.42881
Kyrgyzstan,KGZ,1994,16.70971
Kyrgyzstan,KGZ,1995,17.27548
Kyrgyzstan,KGZ,1996,13.68134
Kyrgyzstan,KGZ,1997,13.46826
Kyrgyzstan,KGZ,1998,12.96068
Kyrgyzstan,KGZ,1999,13.98882
Kyrgyzstan,KGZ,2000,12.68084
Kyrgyzstan,KGZ,2001,13.07456
Kyrgyzstan,KGZ,2002,13.28607
Kyrgyzstan,KGZ,2003,11.00537
Kyrgyzstan,KGZ,2004,9.828025
Kyrgyzstan,KGZ,2005,9.875281
Laos,LAO,2002,27.75632
Laos,LAO,2004,26.21919823
Laos,LAO,2005,26.21919823
Latvia,LVA,1980,29.73946
Latvia,LVA,1981,30.21741
Latvia,LVA,1982,30.77425
Latvia,LVA,1983,29.75416
Latvia,LVA,1984,30.19956
Latvia,LVA,1985,26.26718
Latvia,LVA,1986,22.45244
Latvia,LVA,1987,20.57013
Latvia,LVA,1988,20.63623
Latvia,LVA,1989,22.74245
Latvia,LVA,1990,23.40659
Latvia,LVA,1991,25.41869
Latvia,LVA,1992,31.31146
Latvia,LVA,1993,37.87399
Latvia,LVA,1994,36.34945
Latvia,LVA,1995,36.20045
Latvia,LVA,1996,32.74305
Latvia,LVA,1997,31.48581
Latvia,LVA,1998,30.4372
Latvia,LVA,1999,26.96423
Latvia,LVA,2000,27.64352
Latvia,LVA,2001,25.62863
Latvia,LVA,2002,24.55983
Latvia,LVA,2003,21.85237
Latvia,LVA,2004,20.02737
Latvia,LVA,2005,20.36959
Lebanon,LBN,2002,6.259573
Lebanon,LBN,2004,5.83831501
Lebanon,LBN,2005,5.83831501
Lesotho,LSO,2002,8.874297
Lesotho,LSO,2004,7.858619213
Lesotho,LSO,2005,7.858619213
Liberia,LBR,2002,10.03827
Liberia,LBR,2004,7.1848526
Liberia,LBR,2005,7.1848526
Libya,LBY,2002,4.083238
Libya,LBY,2004,4.667024612
Libya,LBY,2005,4.667024612
Lithuania,LTU,1981,32.5018
Lithuania,LTU,1982,32.52202
Lithuania,LTU,1985,32.62048
Lithuania,LTU,1986,24.06269
Lithuania,LTU,1987,27.33072
Lithuania,LTU,1988,25.06441
Lithuania,LTU,1989,25.68806
Lithuania,LTU,1990,24.39866
Lithuania,LTU,1991,29.01119
Lithuania,LTU,1992,32.62127
Lithuania,LTU,1993,39.87783
Lithuania,LTU,1994,43.71309
Lithuania,LTU,1995,43.22044
Lithuania,LTU,1996,44.35212
Lithuania,LTU,1997,42.48084
Lithuania,LTU,1998,39.97705
Lithuania,LTU,1999,40.51219
Lithuania,LTU,2000,42.39795
Lithuania,LTU,2001,39.38716
Lithuania,LTU,2002,40.14809
Lithuania,LTU,2003,37.27885
Lithuania,LTU,2004,35.41642
Lithuania,LTU,2005,33.34186
Luxembourg,LUX,2002,13.37934
Luxembourg,LUX,2004,12.40591812
Luxembourg,LUX,2005,12.40591812
Macedonia,MKD,1991,7.765689
Macedonia,MKD,1992,7.501061
Macedonia,MKD,1993,7.622634
Macedonia,MKD,1994,6.485308
Macedonia,MKD,1995,6.490004
Macedonia,MKD,1996,7.150447
Macedonia,MKD,1997,7.442236
Macedonia,MKD,1998,7.267076
Macedonia,MKD,1999,7.848403
Macedonia,MKD,2000,6.824161
Macedonia,MKD,2001,6.719395
Macedonia,MKD,2002,6.791909
Macedonia,MKD,2003,6.100502
Macedonia,MKD,2004,7.876878262
Macedonia,MKD,2005,7.876878262
Madagascar,MDG,2002,6.373168
Madagascar,MDG,2004,5.767406464
Madagascar,MDG,2005,5.767406464
Malawi,MWI,2002,10.96042
Malawi,MWI,2004,10.17173481
Malawi,MWI,2005,10.17173481
Malaysia,MYS,2002,7.963536
Malaysia,MYS,2004,8.2110672
Malaysia,MYS,2005,8.2110672
Maldives,MDV,2002,7.300285
Maldives,MDV,2004,22.35347939
Maldives,MDV,2005,22.35347939
Mali,MLI,2002,8.259055
Mali,MLI,2004,8.262892723
Mali,MLI,2005,8.262892723
Malta,MLT,2002,5.507131
Malta,MLT,2004,4.551121235
Malta,MLT,2005,4.551121235
Marshall Islands,MHL,2002,7.360439
Marshall Islands,MHL,2004,7.202383518
Marshall Islands,MHL,2005,7.202383518
Mauritania,MRT,2002,7.77528
Mauritania,MRT,2004,6.882952213
Mauritania,MRT,2005,6.882952213
Mauritius,MUS,1961,4.575146
Mauritius,MUS,1962,2.866556
Mauritius,MUS,1963,3.674238
Mauritius,MUS,1964,3.898995
Mauritius,MUS,1965,5.183848
Mauritius,MUS,1966,5.288391
Mauritius,MUS,1967,3.35965
Mauritius,MUS,1968,2.956564
Mauritius,MUS,1969,1.786333
Mauritius,MUS,1970,2.527642
Mauritius,MUS,1971,5.022974
Mauritius,MUS,1972,2.872094
Mauritius,MUS,1973,7.917421
Mauritius,MUS,1974,5.022285
Mauritius,MUS,1975,8.736613
Mauritius,MUS,1976,6.924563
Mauritius,MUS,1977,6.4922
Mauritius,MUS,1978,8.419885
Mauritius,MUS,1979,7.73685
Mauritius,MUS,1980,3.122026
Mauritius,MUS,1981,1.948461
Mauritius,MUS,1982,1.771049
Mauritius,MUS,1983,1.814936
Mauritius,MUS,1984,12.25493
Mauritius,MUS,1985,11.18559
Mauritius,MUS,1986,2.588358
Mauritius,MUS,1987,14.24688
Mauritius,MUS,1988,16.99933
Mauritius,MUS,1989,14.67297
Mauritius,MUS,1990,14.39157
Mauritius,MUS,1991,13.29185
Mauritius,MUS,1992,14.20034
Mauritius,MUS,1993,12.86847
Mauritius,MUS,1994,11.57039
Mauritius,MUS,1995,13.88624
Mauritius,MUS,1996,13.75605
Mauritius,MUS,1997,10.78208
Mauritius,MUS,1998,13.34664
Mauritius,MUS,1999,14.30555
Mauritius,MUS,2000,11.52222
Mauritius,MUS,2001,9.511007
Mauritius,MUS,2002,10.81601
Mauritius,MUS,2003,7.373404
Mauritius,MUS,2004,7.767069
Mauritius,MUS,2005,8.08154
Mexico,MEX,1955,1.542594
Mexico,MEX,1956,1.992249
Mexico,MEX,1957,2.008836
Mexico,MEX,1958,2.393625
Mexico,MEX,1959,2.610376
Mexico,MEX,1960,2.510826
Mexico,MEX,1961,2.354637
Mexico,MEX,1962,2.212371
Mexico,MEX,1963,2.472383
Mexico,MEX,1964,2.430185
Mexico,MEX,1965,2.298479
Mexico,MEX,1966,2.24384
Mexico,MEX,1967,2.701641
Mexico,MEX,1968,2.141833
Mexico,MEX,1969,1.006855
Mexico,MEX,1970,1.603558
Mexico,MEX,1971,0.9858096
Mexico,MEX,1972,0.9885219
Mexico,MEX,1973,0.9116459
Mexico,MEX,1974,2.820369
Mexico,MEX,1975,2.292054
Mexico,MEX,1976,2.120096
Mexico,MEX,1977,2.3518
Mexico,MEX,1978,2.215146
Mexico,MEX,1979,2.061273
Mexico,MEX,1980,1.796119
Mexico,MEX,1981,2.207851
Mexico,MEX,1982,2.146268
Mexico,MEX,1983,1.92694
Mexico,MEX,1984,1.554713
Mexico,MEX,1985,2.517403
Mexico,MEX,1986,2.761398
Mexico,MEX,1987,2.730824
Mexico,MEX,1988,2.657209
Mexico,MEX,1989,2.869194
Mexico,MEX,1990,2.86492
Mexico,MEX,1991,2.96753
Mexico,MEX,1992,3.143804
Mexico,MEX,1993,3.216493
Mexico,MEX,1994,3.438644
Mexico,MEX,1995,3.653995
Mexico,MEX,1996,3.634392
Mexico,MEX,1997,3.837153
Mexico,MEX,1998,3.716372
Mexico,MEX,1999,3.641276
Mexico,MEX,2000,3.724148
Mexico,MEX,2001,4.013422
Mexico,MEX,2002,3.987383
Mexico,MEX,2003,4.202872
Mexico,MEX,2004,4.157453
Mexico,MEX,2005,4.288574
Micronesia (country),FSM,2002,5.021117
Micronesia (country),FSM,2004,4.762269974
Micronesia (country),FSM,2005,4.762269974
Moldova,MDA,1981,20.19888
Moldova,MDA,1982,20.85837
Moldova,MDA,1985,20.84619
Moldova,MDA,1986,18.78923
Moldova,MDA,1987,17.09118
Moldova,MDA,1988,16.99799
Moldova,MDA,1989,17.43347
Moldova,MDA,1990,15.1531
Moldova,MDA,1991,16.87156
Moldova,MDA,1992,15.97782
Moldova,MDA,1993,16.81451
Moldova,MDA,1994,18.20349
Moldova,MDA,1995,18.43415
Moldova,MDA,1996,17.63706
Moldova,MDA,1997,17.05586
Moldova,MDA,1998,15.5725
Moldova,MDA,1999,15.46219
Moldova,MDA,2000,14.19726
Moldova,MDA,2001,16.23094
Moldova,MDA,2002,15.16075
Moldova,MDA,2003,15.89185
Moldova,MDA,2004,15.15584
Moldova,MDA,2005,15.53849
Monaco,MCO,2002,11.5589
Monaco,MCO,2004,11.1510725
Monaco,MCO,2005,11.1510725
Mongolia,MNG,2002,14.31175
Mongolia,MNG,2004,13.08961582
Mongolia,MNG,2005,13.08961582
Morocco,MAR,2002,2.431653
Morocco,MAR,2004,2.109413624
Morocco,MAR,2005,2.109413624
Mozambique,MOZ,2002,6.14396
Mozambique,MOZ,2004,10.55037498
Mozambique,MOZ,2005,10.55037498
Myanmar,MMR,2002,11.47028
Myanmar,MMR,2004,10.11499691
Myanmar,MMR,2005,10.11499691
Namibia,NAM,2002,9.535017
Namibia,NAM,2004,8.021969795
Namibia,NAM,2005,8.021969795
Nauru,NRU,2002,4.069722
Nauru,NRU,2004,4.079525471
Nauru,NRU,2005,4.079525471
Nepal,NPL,2002,12.42371
Nepal,NPL,2004,11.65520954
Nepal,NPL,2005,11.65520954
Netherlands,NLD,1950,5.820827
Netherlands,NLD,1951,6.296042
Netherlands,NLD,1952,6.490525
Netherlands,NLD,1953,6.708554
Netherlands,NLD,1954,6.418634
Netherlands,NLD,1955,6.137309
Netherlands,NLD,1956,6.024011
Netherlands,NLD,1957,6.402703
Netherlands,NLD,1958,6.724334
Netherlands,NLD,1959,6.99654
Netherlands,NLD,1960,6.644284
Netherlands,NLD,1961,6.562959
Netherlands,NLD,1962,6.530163
Netherlands,NLD,1963,6.089311
Netherlands,NLD,1964,6.484751
Netherlands,NLD,1965,6.784865
Netherlands,NLD,1966,6.974983
Netherlands,NLD,1967,6.155667
Netherlands,NLD,1968,6.136596
Netherlands,NLD,1969,7.181813
Netherlands,NLD,1970,7.819364
Netherlands,NLD,1971,7.983579
Netherlands,NLD,1972,7.96256
Netherlands,NLD,1973,8.476431
Netherlands,NLD,1974,8.901922
Netherlands,NLD,1975,8.604482
Netherlands,NLD,1976,9.035349
Netherlands,NLD,1977,8.780551
Netherlands,NLD,1978,9.135732
Netherlands,NLD,1979,9.801365
Netherlands,NLD,1980,9.371664
Netherlands,NLD,1981,9.240136
Netherlands,NLD,1982,9.772309
Netherlands,NLD,1983,10.76355
Netherlands,NLD,1984,11.09751
Netherlands,NLD,1985,10.10531
Netherlands,NLD,1986,9.736112
Netherlands,NLD,1987,9.683856
Netherlands,NLD,1988,9.006235
Netherlands,NLD,1989,8.992529
Netherlands,NLD,1990,8.410317
Netherlands,NLD,1991,9.204144
Netherlands,NLD,1992,8.964912
Netherlands,NLD,1993,8.777864
Netherlands,NLD,1994,8.8611
Netherlands,NLD,1995,8.446718
Netherlands,NLD,1996,8.656008
Netherlands,NLD,1997,8.704878
Netherlands,NLD,1998,8.236586
Netherlands,NLD,1999,8.246371
Netherlands,NLD,2000,8.000276
Netherlands,NLD,2001,7.799189
Netherlands,NLD,2002,8.234311
Netherlands,NLD,2003,7.788221
Netherlands,NLD,2004,7.801102
Netherlands,NLD,2005,8.164005
New Zealand,NZL,1950,9.0554
New Zealand,NZL,1951,9.763074
New Zealand,NZL,1952,10.14251
New Zealand,NZL,1953,9.711038
New Zealand,NZL,1954,8.59666
New Zealand,NZL,1955,9.072195
New Zealand,NZL,1956,9.458788
New Zealand,NZL,1957,10.02139
New Zealand,NZL,1958,10.16197
New Zealand,NZL,1959,9.24017
New Zealand,NZL,1960,10.2839
New Zealand,NZL,1961,9.060349
New Zealand,NZL,1962,9.04999
New Zealand,NZL,1963,10.28979
New Zealand,NZL,1964,8.602016
New Zealand,NZL,1965,9.86611
New Zealand,NZL,1966,9.772851
New Zealand,NZL,1967,10.93388
New Zealand,NZL,1968,10.42069
New Zealand,NZL,1969,10.73066
New Zealand,NZL,1970,10.19759
New Zealand,NZL,1971,8.871929
New Zealand,NZL,1972,9.487917
New Zealand,NZL,1973,9.232681
New Zealand,NZL,1974,9.549904
New Zealand,NZL,1975,10.10023
New Zealand,NZL,1976,9.691712
New Zealand,NZL,1977,12.40648
New Zealand,NZL,1978,10.64097
New Zealand,NZL,1979,9.95038
New Zealand,NZL,1980,10.79644
New Zealand,NZL,1981,10.18198
New Zealand,NZL,1982,11.27103
New Zealand,NZL,1983,10.73867
New Zealand,NZL,1984,11.66898
New Zealand,NZL,1985,9.995724
New Zealand,NZL,1986,12.30094
New Zealand,NZL,1987,13.5976
New Zealand,NZL,1988,13.98206
New Zealand,NZL,1989,13.45858
New Zealand,NZL,1990,13.10906
New Zealand,NZL,1991,13.20053
New Zealand,NZL,1992,13.61933
New Zealand,NZL,1993,12.02431
New Zealand,NZL,1994,13.67746
New Zealand,NZL,1995,14.53862
New Zealand,NZL,1996,14.21908
New Zealand,NZL,1997,14.83414
New Zealand,NZL,1998,15.02567
New Zealand,NZL,1999,13.34678
New Zealand,NZL,2000,11.83916
New Zealand,NZL,2001,12.91569
New Zealand,NZL,2002,11.67196
New Zealand,NZL,2003,12.41268
New Zealand,NZL,2004,11.81556
New Zealand,NZL,2005,12.17976
Nicaragua,NIC,2002,13.15647
Nicaragua,NIC,2004,12.12226868
Nicaragua,NIC,2005,12.12226868
Niger,NER,2002,9.237587
Niger,NER,2004,9.257975578
Niger,NER,2005,9.257975578
Nigeria,NGA,2002,7.281508
Nigeria,NGA,2004,7.631049633
Nigeria,NGA,2005,7.631049633
Niue,NIU,2002,4.409268
Niue,NIU,2004,4.217076302
Niue,NIU,2005,4.217076302
North Korea,PRK,2002,5.166117
North Korea,PRK,2004,4.735673428
North Korea,PRK,2005,4.735673428
Norway,NOR,1951,5.949848
Norway,NOR,1952,6.338094
Norway,NOR,1953,6.933944
Norway,NOR,1954,6.780933
Norway,NOR,1955,6.805039
Norway,NOR,1956,6.656648
Norway,NOR,1957,6.65373
Norway,NOR,1958,6.561034
Norway,NOR,1959,7.132935
Norway,NOR,1960,6.053056
Norway,NOR,1961,6.249229
Norway,NOR,1962,7.249916
Norway,NOR,1963,7.292679
Norway,NOR,1964,6.609901
Norway,NOR,1965,7.193688
Norway,NOR,1966,6.464213
Norway,NOR,1967,6.344692
Norway,NOR,1968,7.568803
Norway,NOR,1969,7.584558
Norway,NOR,1970,7.94972
Norway,NOR,1971,7.772841
Norway,NOR,1972,8.516699
Norway,NOR,1973,8.158231
Norway,NOR,1974,9.948808
Norway,NOR,1975,9.354595
Norway,NOR,1976,10.17054
Norway,NOR,1977,11.02213
Norway,NOR,1978,11.18785
Norway,NOR,1979,11.58347
Norway,NOR,1980,11.61248
Norway,NOR,1981,12.13646
Norway,NOR,1982,13.33471
Norway,NOR,1983,13.70544
Norway,NOR,1984,13.35334
Norway,NOR,1985,13.37068
Norway,NOR,1986,13.01929
Norway,NOR,1987,14.25503
Norway,NOR,1988,15.64157
Norway,NOR,1989,14.2321
Norway,NOR,1990,14.02974
Norway,NOR,1991,14.41485
Norway,NOR,1992,13.0069
Norway,NOR,1993,12.28191
Norway,NOR,1994,11.38587
Norway,NOR,1995,11.55208
Norway,NOR,1996,10.7995
Norway,NOR,1997,10.91138
Norway,NOR,1998,11.60942
Norway,NOR,1999,12.41599
Norway,NOR,2000,11.44005
Norway,NOR,2001,11.28768
Norway,NOR,2002,9.992784
Norway,NOR,2003,10.35183
Norway,NOR,2004,10.72357
Norway,NOR,2005,10.823
Oman,OMN,2002,3.814847
Oman,OMN,2004,3.716739416
Oman,OMN,2005,3.716739416
Pakistan,PAK,2002,13.96756
Pakistan,PAK,2004,12.86981487
Pakistan,PAK,2005,12.86981487
Palau,PLW,2002,5.579326
Palau,PLW,2004,5.554276466
Palau,PLW,2005,5.554276466
Panama,PAN,1984,1.634696
Panama,PAN,1985,3.117213
Panama,PAN,1986,4.503479
Panama,PAN,1987,4.578268
Panama,PAN,1988,4.238075
Panama,PAN,1989,3.407573
Panama,PAN,1996,4.583152
Panama,PAN,1997,5.682899
Panama,PAN,1998,5.705083
Panama,PAN,1999,5.420964
Panama,PAN,2000,5.349835
Panama,PAN,2001,5.826587
Panama,PAN,2002,5.814389
Panama,PAN,2003,6.69641
Panama,PAN,2004,6.195792
Panama,PAN,2005,6.1052819
Papua New Guinea,PNG,2002,12.44662
Papua New Guinea,PNG,2004,11.95694065
Papua New Guinea,PNG,2005,11.95694065
Paraguay,PRY,1994,3.006316
Paraguay,PRY,1995,2.912517
Paraguay,PRY,1996,2.378467
Paraguay,PRY,1997,2.833245
Paraguay,PRY,1998,3.239362
Paraguay,PRY,1999,3.577368
Paraguay,PRY,2000,3.373229
Paraguay,PRY,2001,3.188297
Paraguay,PRY,2002,3.418299
Paraguay,PRY,2003,3.385875
Paraguay,PRY,2004,4.474054
Paraguay,PRY,2005,4.409532
Peru,PER,2002,1.8759
Peru,PER,2004,1.658907771
Peru,PER,2005,1.658907771
Philippines,PHL,1992,0.6353301
Philippines,PHL,1993,1.469929
Philippines,PHL,1997,1.350521
Philippines,PHL,1998,1.43672
Philippines,PHL,1999,1.661201
Philippines,PHL,2000,2.188521
Philippines,PHL,2001,1.809625
Philippines,PHL,2002,1.866777
Philippines,PHL,2003,2.186046
Philippines,PHL,2004,1.922485113
Philippines,PHL,2005,1.922485113
Poland,POL,1959,7.339004
Poland,POL,1960,8.736814
Poland,POL,1961,9.564972
Poland,POL,1962,10.05943
Poland,POL,1963,9.06005
Poland,POL,1964,9.172454
Poland,POL,1965,9.625675
Poland,POL,1966,10.47866
Poland,POL,1967,10.6868
Poland,POL,1968,11.04561
Poland,POL,1969,11.50053
Poland,POL,1970,11.5039
Poland,POL,1971,11.82271
Poland,POL,1972,11.99342
Poland,POL,1973,11.67589
Poland,POL,1974,11.11854
Poland,POL,1975,11.13316
Poland,POL,1976,11.86378
Poland,POL,1977,12.11314
Poland,POL,1978,12.96601
Poland,POL,1979,12.47814
Poland,POL,1983,12.14406
Poland,POL,1984,13.7317
Poland,POL,1985,13.03489
Poland,POL,1986,12.76347
Poland,POL,1987,13.03219
Poland,POL,1988,11.92608
Poland,POL,1989,11.04187
Poland,POL,1990,12.68793
Poland,POL,1991,13.43896
Poland,POL,1992,14.31187
Poland,POL,1993,13.98428
Poland,POL,1994,13.58305
Poland,POL,1995,13.36345
Poland,POL,1996,13.10995
Poland,POL,1999,13.56346
Poland,POL,2000,13.78471
Poland,POL,2001,13.65072
Poland,POL,2002,13.6517
Poland,POL,2003,13.38901
Poland,POL,2004,13.81242
Poland,POL,2005,13.63706
Portugal,PRT,1955,9.764024
Portugal,PRT,1956,10.68105
Portugal,PRT,1957,8.586464
Portugal,PRT,1958,9.343464
Portugal,PRT,1959,9.703836
Portugal,PRT,1960,9.007988
Portugal,PRT,1961,9.241166
Portugal,PRT,1962,8.76357
Portugal,PRT,1963,9.724659
Portugal,PRT,1964,9.650346
Portugal,PRT,1965,9.415473
Portugal,PRT,1966,9.795267
Portugal,PRT,1967,10.14005
Portugal,PRT,1968,9.452449
Portugal,PRT,1969,8.68035
Portugal,PRT,1970,8.103641
Portugal,PRT,1971,8.103888
Portugal,PRT,1972,7.841224
Portugal,PRT,1973,8.201069
Portugal,PRT,1974,8.049552
Portugal,PRT,1975,8.096562
Portugal,PRT,1976,8.302361
Portugal,PRT,1977,8.719281
Portugal,PRT,1978,9.029814
Portugal,PRT,1979,9.504736
Portugal,PRT,1980,7.085851
Portugal,PRT,1981,7.323402
Portugal,PRT,1982,7.759789
Portugal,PRT,1983,9.075723
Portugal,PRT,1984,9.594799
Portugal,PRT,1985,8.797668
Portugal,PRT,1986,8.301185
Portugal,PRT,1987,8.450044
Portugal,PRT,1988,7.000268
Portugal,PRT,1989,6.273369
Portugal,PRT,1990,7.357389
Portugal,PRT,1991,7.869371
Portugal,PRT,1992,7.127646
Portugal,PRT,1993,6.269461
Portugal,PRT,1994,6.145826
Portugal,PRT,1995,6.410863
Portugal,PRT,1996,4.892168
Portugal,PRT,1997,4.765046
Portugal,PRT,1998,4.110432
Portugal,PRT,1999,3.881602
Portugal,PRT,2000,3.696454
Portugal,PRT,2001,5.546455
Portugal,PRT,2002,8.800402
Portugal,PRT,2003,8.100833
Portugal,PRT,2004,8.188375473
Portugal,PRT,2005,8.188375473
Qatar,QAT,2002,3.256135
Qatar,QAT,2004,2.515720844
Qatar,QAT,2005,2.515720844
Romania,ROU,1989,10.38418
Romania,ROU,1990,8.392699
Romania,ROU,1991,8.661991
Romania,ROU,1992,10.72752
Romania,ROU,1993,11.27867
Romania,ROU,1994,11.7192
Romania,ROU,1995,11.34378
Romania,ROU,1996,11.35801
Romania,ROU,1997,11.55556
Romania,ROU,1998,11.27186
Romania,ROU,1999,10.78912
Romania,ROU,2000,11.10574
Romania,ROU,2001,10.66391
Romania,ROU,2002,12.20508
Romania,ROU,2003,11.38388
Romania,ROU,2004,10.63957
Romania,ROU,2005,10.05932
Russia,RUS,1980,32.61327
Russia,RUS,1981,31.97382
Russia,RUS,1982,32.35289
Russia,RUS,1985,29.07068
Russia,RUS,1986,21.37716
Russia,RUS,1987,21.51458
Russia,RUS,1988,22.58067
Russia,RUS,1989,23.98959
Russia,RUS,1990,24.66499
Russia,RUS,1991,24.67332
Russia,RUS,1992,28.77415
Russia,RUS,1993,35.33885
Russia,RUS,1994,38.99647
Russia,RUS,1995,38.40206
Russia,RUS,1996,36.31998
Russia,RUS,1997,34.26565
Russia,RUS,1998,32.09895
Russia,RUS,1999,35.32395
Russia,RUS,2000,35.24324
Russia,RUS,2001,35.49273
Russia,RUS,2002,34.11
Russia,RUS,2003,31.46093
Russia,RUS,2004,29.86262
Russia,RUS,2005,27.87416
Rwanda,RWA,2002,10.7916
Rwanda,RWA,2004,13.11794853
Rwanda,RWA,2005,13.11794853
Saint Lucia,LCA,2002,5.848927
Saint Lucia,LCA,2004,8.21094799
Saint Lucia,LCA,2005,8.21094799
Saint Vincent and the Grenadines,VCT,2002,8.423156
Saint Vincent and the Grenadines,VCT,2004,9.593027115
Saint Vincent and the Grenadines,VCT,2005,9.593027115
Samoa,WSM,2002,5.410833
Samoa,WSM,2004,5.542323589
Samoa,WSM,2005,5.542323589
San Marino,SMR,2002,7.093159
San Marino,SMR,2004,6.087670803
San Marino,SMR,2005,6.087670803
Sao Tome and Principe,STP,2002,9.090421
Sao Tome and Principe,STP,2004,10.49314976
Sao Tome and Principe,STP,2005,10.49314976
Saudi Arabia,SAU,2002,5.955035
Saudi Arabia,SAU,2004,6.401537895
Saudi Arabia,SAU,2005,6.401537895
Senegal,SEN,2002,6.410122
Senegal,SEN,2004,6.81143856
Senegal,SEN,2005,6.81143856
Serbia,SRB,1998,15.06986
Serbia,SRB,1999,16.05071
Serbia,SRB,2000,15.50049
Serbia,SRB,2001,14.46464
Serbia,SRB,2002,14.2481
Serbia,SRB,2003,13.74888
Serbia,SRB,2004,12.97721
Serbia,SRB,2005,13.71634
Serbia and Montenegro,OWID_SRM,1997,14.14686
Serbia and Montenegro,OWID_SRM,1998,12.63675
Serbia and Montenegro,OWID_SRM,1999,13.34126
Serbia and Montenegro,OWID_SRM,2000,12.89358
Serbia and Montenegro,OWID_SRM,2001,14.43999
Serbia and Montenegro,OWID_SRM,2002,14.3126
Serbia and Montenegro,OWID_SRM,2004,14.46964836
Serbia and Montenegro,OWID_SRM,2005,14.46964836
Seychelles,SYC,2002,10.17655
Seychelles,SYC,2004,9.507927895
Seychelles,SYC,2005,9.507927895
Sierra Leone,SLE,2002,13.64068
Sierra Leone,SLE,2004,11.98049736
Sierra Leone,SLE,2005,11.98049736
Singapore,SGP,1963,15.6672
Singapore,SGP,1964,14.75906
Singapore,SGP,1965,14.09774
Singapore,SGP,1966,16.72129
Singapore,SGP,1967,15.98031
Singapore,SGP,1968,19.42398
Singapore,SGP,1969,13.9952
Singapore,SGP,1970,13.73209
Singapore,SGP,1971,16.35336
Singapore,SGP,1972,16.65082
Singapore,SGP,1973,15.64216
Singapore,SGP,1974,13.70407
Singapore,SGP,1975,15.86606
Singapore,SGP,1976,15.03358
Singapore,SGP,1977,12.9747
Singapore,SGP,1978,14.89002
Singapore,SGP,1979,14.15758
Singapore,SGP,1980,13.21455
Singapore,SGP,1981,9.031859
Singapore,SGP,1982,11.54369
Singapore,SGP,1983,12.48183
Singapore,SGP,1984,9.511345
Singapore,SGP,1985,14.50564
Singapore,SGP,1986,14.41016
Singapore,SGP,1987,12.83475
Singapore,SGP,1988,15.44338
Singapore,SGP,1989,15.97309
Singapore,SGP,1990,13.36842
Singapore,SGP,1991,10.93564
Singapore,SGP,1992,9.741329
Singapore,SGP,1993,9.713158
Singapore,SGP,1994,10.96703
Singapore,SGP,1995,12.3293
Singapore,SGP,1996,8.06874
Singapore,SGP,1997,9.523671
Singapore,SGP,1998,10.5003
Singapore,SGP,1999,8.279798
Singapore,SGP,2000,8.996689
Singapore,SGP,2001,8.90111
Singapore,SGP,2002,8.919598
Singapore,SGP,2003,8.83317
Singapore,SGP,2004,8.683154
Singapore,SGP,2005,9.127511
Slovakia,SVK,1992,14.08595
Slovakia,SVK,1993,13.11195
Slovakia,SVK,1994,12.27202
Slovakia,SVK,1995,12.85946
Slovakia,SVK,1996,11.59665
Slovakia,SVK,1997,10.7445
Slovakia,SVK,1998,11.31283
Slovakia,SVK,1999,11.54251
Slovakia,SVK,2000,11.96882
Slovakia,SVK,2001,11.35117
Slovakia,SVK,2002,11.53703
Slovakia,SVK,2003,12.07549
Slovakia,SVK,2004,10.75127
Slovakia,SVK,2005,10.64574
Slovenia,SVN,1985,29.96108
Slovenia,SVN,1986,27.17877
Slovenia,SVN,1987,27.93761
Slovenia,SVN,1988,28.47483
Slovenia,SVN,1989,30.45968
Slovenia,SVN,1990,24.43765
Slovenia,SVN,1991,28.39221
Slovenia,SVN,1992,25.59074
Slovenia,SVN,1993,27.03557
Slovenia,SVN,1994,26.88709
Slovenia,SVN,1995,24.31161
Slovenia,SVN,1996,25.64912
Slovenia,SVN,1997,25.30084
Slovenia,SVN,1998,26.17643
Slovenia,SVN,1999,24.62593
Slovenia,SVN,2000,23.93481
Slovenia,SVN,2001,23.37028
Slovenia,SVN,2002,21.29828
Slovenia,SVN,2003,21.99888
Slovenia,SVN,2004,20.05259
Slovenia,SVN,2005,19.42261
Solomon Islands,SLB,2002,4.682738
Solomon Islands,SLB,2004,4.484752655
Solomon Islands,SLB,2005,4.484752655
Somalia,SOM,2002,10.09256
Somalia,SOM,2004,29.86416435
Somalia,SOM,2005,29.86416435
South Africa,ZAF,2002,12.59825
South Africa,ZAF,2004,15.714571
South Africa,ZAF,2005,15.714571
South Korea,KOR,1985,9.882329
South Korea,KOR,1986,9.032893
South Korea,KOR,1987,8.468999
South Korea,KOR,1988,7.340459
South Korea,KOR,1989,7.436526
South Korea,KOR,1990,7.594887
South Korea,KOR,1991,7.238297
South Korea,KOR,1992,8.208565
South Korea,KOR,1993,9.543824
South Korea,KOR,1994,9.590639
South Korea,KOR,1995,10.65248
South Korea,KOR,1996,12.66524
South Korea,KOR,1997,12.823
South Korea,KOR,1998,17.89061
South Korea,KOR,1999,14.63078
South Korea,KOR,2000,13.15629
South Korea,KOR,2001,13.95559
South Korea,KOR,2002,17.10887
South Korea,KOR,2003,21.20205
South Korea,KOR,2004,21.88241
South Korea,KOR,2005,22.40456
Spain,ESP,1951,6.002937
Spain,ESP,1952,6.088732
Spain,ESP,1953,6.044108
Spain,ESP,1954,5.903178
Spain,ESP,1955,5.536589
Spain,ESP,1956,5.30954
Spain,ESP,1957,5.280958
Spain,ESP,1958,5.039659
Spain,ESP,1959,5.15363
Spain,ESP,1960,5.520239
Spain,ESP,1961,5.153321
Spain,ESP,1962,4.831709
Spain,ESP,1963,4.821046
Spain,ESP,1964,4.801649
Spain,ESP,1965,4.588103
Spain,ESP,1966,4.460283
Spain,ESP,1967,4.289072
Spain,ESP,1968,4.108692
Spain,ESP,1969,4.217566
Spain,ESP,1970,3.856842
Spain,ESP,1971,4.086316
Spain,ESP,1972,4.21391
Spain,ESP,1973,3.980632
Spain,ESP,1974,3.733753
Spain,ESP,1975,3.674462
Spain,ESP,1976,3.8569
Spain,ESP,1977,3.807381
Spain,ESP,1978,3.832891
Spain,ESP,1979,3.858464
Spain,ESP,1980,4.074317
Spain,ESP,1981,4.204177
Spain,ESP,1982,4.445822
Spain,ESP,1983,5.082625
Spain,ESP,1984,5.760107
Spain,ESP,1985,5.697421
Spain,ESP,1986,6.221115
Spain,ESP,1987,6.198634
Spain,ESP,1988,6.51844
Spain,ESP,1989,6.489957
Spain,ESP,1990,6.24552
Spain,ESP,1991,6.136345
Spain,ESP,1992,5.799902
Spain,ESP,1993,6.374966
Spain,ESP,1994,6.576002
Spain,ESP,1995,6.438225
Spain,ESP,1996,6.783312
Spain,ESP,1997,6.762559
Spain,ESP,1998,6.459838
Spain,ESP,1999,6.21019
Spain,ESP,2000,6.479599
Spain,ESP,2001,5.983665
Spain,ESP,2002,6.222061
Spain,ESP,2003,6.301854
Spain,ESP,2004,6.247683
Spain,ESP,2005,5.888479
Sri Lanka,LKA,1950,8.411093
Sri Lanka,LKA,1951,9.073273
Sri Lanka,LKA,1952,8.763982
Sri Lanka,LKA,1953,9.034234
Sri Lanka,LKA,1954,10.22454
Sri Lanka,LKA,1955,9.111322
Sri Lanka,LKA,1956,10.25548
Sri Lanka,LKA,1957,10.87995
Sri Lanka,LKA,1958,11.22152
Sri Lanka,LKA,1959,10.7647
Sri Lanka,LKA,1960,12.93573
Sri Lanka,LKA,1961,12.5786
Sri Lanka,LKA,1962,14.81982
Sri Lanka,LKA,1963,15.67052
Sri Lanka,LKA,1964,17.49431
Sri Lanka,LKA,1965,16.24983
Sri Lanka,LKA,1966,16.48888
Sri Lanka,LKA,1967,21.32496
Sri Lanka,LKA,1968,21.39651
Sri Lanka,LKA,1977,21.28532
Sri Lanka,LKA,1980,32.41936
Sri Lanka,LKA,1981,32.34711
Sri Lanka,LKA,1982,34.98421
Sri Lanka,LKA,1983,38.27076
Sri Lanka,LKA,1984,39.0163
Sri Lanka,LKA,1985,38.07233
Sri Lanka,LKA,1986,35.89977
Sri Lanka,LKA,2002,31.96863
Sri Lanka,LKA,2004,28.10404587
Sri Lanka,LKA,2005,28.10404587
Sudan,SDN,2002,8.698104
Sudan,SDN,2004,9.709555626
Sudan,SDN,2005,9.709555626
Suriname,SUR,2002,18.16088
Suriname,SUR,2004,20.7474308
Suriname,SUR,2005,20.7474308
Swaziland,SWZ,2002,6.360499
Swaziland,SWZ,2004,12.87222195
Swaziland,SWZ,2005,12.87222195
Sweden,SWE,1951,14.55992
Sweden,SWE,1952,14.89569
Sweden,SWE,1953,16.38975
Sweden,SWE,1954,14.8011
Sweden,SWE,1955,15.53932
Sweden,SWE,1956,17.58902
Sweden,SWE,1957,17.43832
Sweden,SWE,1958,14.90001
Sweden,SWE,1959,15.86812
Sweden,SWE,1960,15.2327
Sweden,SWE,1961,14.73442
Sweden,SWE,1962,16.2228
Sweden,SWE,1963,16.32049
Sweden,SWE,1964,17.42311
Sweden,SWE,1965,16.62649
Sweden,SWE,1966,17.66613
Sweden,SWE,1967,19.30806
Sweden,SWE,1968,19.36115
Sweden,SWE,1969,19.5681
Sweden,SWE,1970,19.88535
Sweden,SWE,1971,18.19591
Sweden,SWE,1972,18.19821
Sweden,SWE,1973,18.63019
Sweden,SWE,1974,17.76685
Sweden,SWE,1975,17.47587
Sweden,SWE,1976,17.04633
Sweden,SWE,1977,17.41359
Sweden,SWE,1978,16.82889
Sweden,SWE,1979,18.16812
Sweden,SWE,1980,17.2743
Sweden,SWE,1981,15.28357
Sweden,SWE,1982,16.83182
Sweden,SWE,1983,16.53193
Sweden,SWE,1984,17.24587
Sweden,SWE,1985,15.72008
Sweden,SWE,1986,16.13395
Sweden,SWE,1987,15.70118
Sweden,SWE,1988,16.19208
Sweden,SWE,1989,16.02465
Sweden,SWE,1990,14.34026
Sweden,SWE,1991,14.64007
Sweden,SWE,1992,13.00007
Sweden,SWE,1993,13.2547
Sweden,SWE,1994,12.3852
Sweden,SWE,1995,12.8048
Sweden,SWE,1996,11.83133
Sweden,SWE,1997,11.5211
Sweden,SWE,1998,11.32528
Sweden,SWE,1999,11.58661
Sweden,SWE,2000,10.50198
Sweden,SWE,2001,10.84564
Sweden,SWE,2002,10.97088
Sweden,SWE,2003,10.37456
Sweden,SWE,2004,10.68662
Sweden,SWE,2005,11.11583
Switzerland,CHE,1951,19.60526
Switzerland,CHE,1952,19.82315
Switzerland,CHE,1953,20.13758
Switzerland,CHE,1954,20.83422
Switzerland,CHE,1955,19.63045
Switzerland,CHE,1956,19.80364
Switzerland,CHE,1957,19.26623
Switzerland,CHE,1958,19.4159
Switzerland,CHE,1959,17.98966
Switzerland,CHE,1960,17.78563
Switzerland,CHE,1961,17.05184
Switzerland,CHE,1962,17.73772
Switzerland,CHE,1963,16.13738
Switzerland,CHE,1964,15.95987
Switzerland,CHE,1965,17.28978
Switzerland,CHE,1966,17.3628
Switzerland,CHE,1967,16.70741
Switzerland,CHE,1968,16.16756
Switzerland,CHE,1969,16.24692
Switzerland,CHE,1970,17.27734
Switzerland,CHE,1971,17.30537
Switzerland,CHE,1972,18.16105
Switzerland,CHE,1973,17.28867
Switzerland,CHE,1974,18.81595
Switzerland,CHE,1975,20.89678
Switzerland,CHE,1976,20.31346
Switzerland,CHE,1977,21.83301
Switzerland,CHE,1978,21.83531
Switzerland,CHE,1979,22.36834
Switzerland,CHE,1980,22.78979
Switzerland,CHE,1981,21.00935
Switzerland,CHE,1982,21.80501
Switzerland,CHE,1983,22.06875
Switzerland,CHE,1984,21.64091
Switzerland,CHE,1985,21.66124
Switzerland,CHE,1986,19.58177
Switzerland,CHE,1987,20.18012
Switzerland,CHE,1988,18.85795
Switzerland,CHE,1989,19.18289
Switzerland,CHE,1990,18.16399
Switzerland,CHE,1991,18.7156
Switzerland,CHE,1992,17.29281
Switzerland,CHE,1993,16.97251
Switzerland,CHE,1994,17.73643
Switzerland,CHE,1995,16.60126
Switzerland,CHE,1996,16.73695
Switzerland,CHE,1997,15.4908
Switzerland,CHE,1998,15.63122
Switzerland,CHE,1999,14.63556
Switzerland,CHE,2000,15.41755
Switzerland,CHE,2001,14.58222
Switzerland,CHE,2002,15.45505
Switzerland,CHE,2003,13.21985
Switzerland,CHE,2004,13.09476
Switzerland,CHE,2005,13.23981
Syria,SYR,2002,0.5609214
Syria,SYR,2004,0.523527563
Syria,SYR,2005,0.523527563
Tajikistan,TJK,2002,6.511811
Tajikistan,TJK,2004,2.648980856
Tajikistan,TJK,2005,2.648980856
Tanzania,TZA,2002,3.591502
Tanzania,TZA,2004,12.41118145
Tanzania,TZA,2005,12.41118145
Thailand,THA,2002,10.68856
Thailand,THA,2004,9.847459793
Thailand,THA,2005,9.847459793
Timor,TLS,2002,13.07974
Timor,TLS,2004,9.633114815
Timor,TLS,2005,9.633114815
Togo,TGO,2002,6.584218
Togo,TGO,2004,6.369887829
Togo,TGO,2005,6.369887829
Tonga,TON,2002,4.583961
Tonga,TON,2004,4.527851582
Tonga,TON,2005,4.527851582
Trinidad and Tobago,TTO,1951,4.269865
Trinidad and Tobago,TTO,1952,5.576343
Trinidad and Tobago,TTO,1953,6.223582
Trinidad and Tobago,TTO,1954,6.130192
Trinidad and Tobago,TTO,1955,7.998585
Trinidad and Tobago,TTO,1956,7.283185
Trinidad and Tobago,TTO,1957,7.703564
Trinidad and Tobago,TTO,1958,4.839097
Trinidad and Tobago,TTO,1960,4.224579
Trinidad and Tobago,TTO,1961,4.686509
Trinidad and Tobago,TTO,1962,3.849185
Trinidad and Tobago,TTO,1963,2.567165
Trinidad and Tobago,TTO,1967,5.010607
Trinidad and Tobago,TTO,1968,8.639403
Trinidad and Tobago,TTO,1970,10.13952
Trinidad and Tobago,TTO,1971,6.055122
Trinidad and Tobago,TTO,1972,11.39815
Trinidad and Tobago,TTO,1973,11.31108
Trinidad and Tobago,TTO,1974,8.571754
Trinidad and Tobago,TTO,1975,10.15632
Trinidad and Tobago,TTO,1976,10.01869
Trinidad and Tobago,TTO,1977,9.403189
Trinidad and Tobago,TTO,1978,4.742816
Trinidad and Tobago,TTO,1979,5.618334
Trinidad and Tobago,TTO,1980,4.313765
Trinidad and Tobago,TTO,1981,5.462587
Trinidad and Tobago,TTO,1982,7.519302
Trinidad and Tobago,TTO,1983,9.482351
Trinidad and Tobago,TTO,1984,6.576272
Trinidad and Tobago,TTO,1985,2.660398
Trinidad and Tobago,TTO,1986,9.592935
Trinidad and Tobago,TTO,1987,10.63419
Trinidad and Tobago,TTO,1988,15.11596
Trinidad and Tobago,TTO,1989,15.81646
Trinidad and Tobago,TTO,1990,14.83758
Trinidad and Tobago,TTO,1991,12.86188
Trinidad and Tobago,TTO,1992,14.06027
Trinidad and Tobago,TTO,1993,14.80194
Trinidad and Tobago,TTO,1994,12.62528
Trinidad and Tobago,TTO,1995,16.16787
Trinidad and Tobago,TTO,1996,12.48224
Trinidad and Tobago,TTO,1997,13.09639
Trinidad and Tobago,TTO,1998,13.81304
Trinidad and Tobago,TTO,1999,11.51521
Trinidad and Tobago,TTO,2000,13.19155
Trinidad and Tobago,TTO,2001,13.73944
Trinidad and Tobago,TTO,2002,11.65305
Trinidad and Tobago,TTO,2004,14.54716682
Trinidad and Tobago,TTO,2005,14.54716682
Tunisia,TUN,2002,4.507532
Tunisia,TUN,2004,3.146814108
Tunisia,TUN,2005,3.146814108
Turkey,TUR,2002,6.716264
Turkey,TUR,2004,3.56332469
Turkey,TUR,2005,3.56332469
Turkmenistan,TKM,1981,12.08519
Turkmenistan,TKM,1982,10.14225
Turkmenistan,TKM,1985,9.738485
Turkmenistan,TKM,1986,12.05377
Turkmenistan,TKM,1987,11.17028
Turkmenistan,TKM,1988,10.21823
Turkmenistan,TKM,1989,9.519287
Turkmenistan,TKM,1990,10.62686
Turkmenistan,TKM,1991,9.351729
Turkmenistan,TKM,1992,8.596193
Turkmenistan,TKM,1993,7.835789
Turkmenistan,TKM,1994,7.550726
Turkmenistan,TKM,1995,6.781543
Turkmenistan,TKM,1996,7.723176
Turkmenistan,TKM,1997,8.319588
Turkmenistan,TKM,1998,10.36523
Turkmenistan,TKM,2002,14.01835
Turkmenistan,TKM,2004,12.21676922
Turkmenistan,TKM,2005,12.21676922
Tuvalu,TUV,2002,7.890512
Tuvalu,TUV,2004,7.934811592
Tuvalu,TUV,2005,7.934811592
USSR,OWID_USS,1982,26.63493
USSR,OWID_USS,1983,27.69169
USSR,OWID_USS,1984,29.18213
USSR,OWID_USS,1985,24.1466
USSR,OWID_USS,1986,18.43867
USSR,OWID_USS,1987,18.64787
USSR,OWID_USS,1988,19.0084
USSR,OWID_USS,1989,20.55434
USSR,OWID_USS,1990,20.62313
Uganda,UGA,2002,3.381024
Uganda,UGA,2004,12.28912163
Uganda,UGA,2005,12.28912163
Ukraine,UKR,1981,21.63412
Ukraine,UKR,1982,22.45824
Ukraine,UKR,1985,20.05759
Ukraine,UKR,1986,16.48204
Ukraine,UKR,1987,17.31684
Ukraine,UKR,1988,16.93836
Ukraine,UKR,1989,18.9305
Ukraine,UKR,1990,18.5269
Ukraine,UKR,1991,18.52185
Ukraine,UKR,1992,20.14645
Ukraine,UKR,1993,21.44825
Ukraine,UKR,1994,23.81222
Ukraine,UKR,1995,25.2382
Ukraine,UKR,1996,26.43411
Ukraine,UKR,1997,25.97142
Ukraine,UKR,1998,25.86071
Ukraine,UKR,1999,25.19971
Ukraine,UKR,2000,25.46725
Ukraine,UKR,2001,23.2477
Ukraine,UKR,2002,22.229
Ukraine,UKR,2003,21.83279
Ukraine,UKR,2004,20.04554
Ukraine,UKR,2005,18.95457
United Arab Emirates,ARE,2002,3.226218
United Arab Emirates,ARE,2004,1.392950654
United Arab Emirates,ARE,2005,1.392950654
United Kingdom,GBR,1950,8.116419
United Kingdom,GBR,1951,8.081386
United Kingdom,GBR,1952,7.789029
United Kingdom,GBR,1953,8.469019
United Kingdom,GBR,1954,8.928727
United Kingdom,GBR,1955,8.922245
United Kingdom,GBR,1956,9.326525
United Kingdom,GBR,1957,9.353084
United Kingdom,GBR,1958,9.39134
United Kingdom,GBR,1959,9.215195
United Kingdom,GBR,1960,9.088522
United Kingdom,GBR,1961,9.13943
United Kingdom,GBR,1962,9.843241
United Kingdom,GBR,1963,10.09012
United Kingdom,GBR,1964,9.696188
United Kingdom,GBR,1965,9.024946
United Kingdom,GBR,1966,8.776801
United Kingdom,GBR,1967,8.305869
United Kingdom,GBR,1968,8.011331
United Kingdom,GBR,1969,7.532174
United Kingdom,GBR,1970,6.953133
United Kingdom,GBR,1971,6.950485
United Kingdom,GBR,1972,6.809535
United Kingdom,GBR,1973,6.951233
United Kingdom,GBR,1974,7.0541
United Kingdom,GBR,1975,6.728405
United Kingdom,GBR,1976,6.939591
United Kingdom,GBR,1977,7.156529
United Kingdom,GBR,1978,7.268871
United Kingdom,GBR,1979,7.647055
United Kingdom,GBR,1980,7.817475
United Kingdom,GBR,1981,7.91114
United Kingdom,GBR,1982,7.787232
United Kingdom,GBR,1983,7.708611
United Kingdom,GBR,1984,7.730339
United Kingdom,GBR,1985,7.934777
United Kingdom,GBR,1986,7.471793
United Kingdom,GBR,1987,7.161623
United Kingdom,GBR,1988,7.735447
United Kingdom,GBR,1989,6.798954
United Kingdom,GBR,1990,7.277498
United Kingdom,GBR,1991,7.15409
United Kingdom,GBR,1992,7.251611
United Kingdom,GBR,1993,6.969402
United Kingdom,GBR,1994,6.824561
United Kingdom,GBR,1995,6.710214
United Kingdom,GBR,1996,6.430166
United Kingdom,GBR,1997,6.425081
United Kingdom,GBR,1998,6.826987
United Kingdom,GBR,1999,6.817769
United Kingdom,GBR,2000,6.589573
United Kingdom,GBR,2001,6.352021
United Kingdom,GBR,2002,6.370787
United Kingdom,GBR,2003,6.05577
United Kingdom,GBR,2004,6.271399
United Kingdom,GBR,2005,6.014659
United States,USA,1950,11.22106
United States,USA,1951,10.24862
United States,USA,1952,9.890234
United States,USA,1953,9.985363
United States,USA,1954,10.05145
United States,USA,1955,10.12583
United States,USA,1956,9.942091
United States,USA,1957,9.770529
United States,USA,1958,10.75953
United States,USA,1959,10.66436
United States,USA,1960,10.78558
United States,USA,1961,10.61668
United States,USA,1962,11.17855
United States,USA,1963,11.40495
United States,USA,1964,11.15046
United States,USA,1965,11.52387
United States,USA,1966,11.28246
United States,USA,1967,11.19782
United States,USA,1968,11.05477
United States,USA,1969,11.40742
United States,USA,1970,11.83682
United States,USA,1971,11.87784
United States,USA,1972,12.13471
United States,USA,1973,12.00975
United States,USA,1974,12.12908
United States,USA,1975,12.45698
United States,USA,1976,12.09256
United States,USA,1977,12.67173
United States,USA,1978,11.81377
United States,USA,1979,11.56452
United States,USA,1980,11.24043
United States,USA,1981,11.41708
United States,USA,1982,11.4899
United States,USA,1983,11.34989
United States,USA,1984,11.54221
United States,USA,1985,11.44829
United States,USA,1986,11.84603
United States,USA,1987,11.65775
United States,USA,1988,11.39492
United States,USA,1989,11.25343
United States,USA,1990,11.45217
United States,USA,1991,11.2965
United States,USA,1992,11.05505
United States,USA,1993,11.18842
United States,USA,1994,11.12714
United States,USA,1995,11.05877
United States,USA,1996,10.77281
United States,USA,1997,10.52044
United States,USA,1998,10.38139
United States,USA,1999,9.817642
United States,USA,2000,9.532645
United States,USA,2001,9.811729
United States,USA,2002,9.95536
United States,USA,2003,9.815033
United States,USA,2004,10.02633
United States,USA,2005,9.927033
Uruguay,URY,1955,12.86885
Uruguay,URY,1956,15.14202
Uruguay,URY,1957,11.89244
Uruguay,URY,1958,11.72974
Uruguay,URY,1959,12.4441
Uruguay,URY,1960,13.09532
Uruguay,URY,1963,10.5521
Uruguay,URY,1964,8.92964
Uruguay,URY,1965,11.47799
Uruguay,URY,1966,11.12681
Uruguay,URY,1967,10.53261
Uruguay,URY,1968,10.59242
Uruguay,URY,1969,10.8668
Uruguay,URY,1970,9.65274
Uruguay,URY,1971,10.68481
Uruguay,URY,1972,11.40697
Uruguay,URY,1973,11.72857
Uruguay,URY,1974,11.67496
Uruguay,URY,1975,9.963992
Uruguay,URY,1976,10.62018
Uruguay,URY,1977,11.35061
Uruguay,URY,1978,10.21253
Uruguay,URY,1980,9.036381
Uruguay,URY,1981,8.679468
Uruguay,URY,1982,10.49731
Uruguay,URY,1983,10.58008
Uruguay,URY,1984,10.62964
Uruguay,URY,1985,9.042464
Uruguay,URY,1986,8.042735
Uruguay,URY,1987,7.964934
Uruguay,URY,1988,8.318535
Uruguay,URY,1989,10.63581
Uruguay,URY,1990,9.605243
Uruguay,URY,1993,12.137
Uruguay,URY,1994,11.69573
Uruguay,URY,1995,12.44208
Uruguay,URY,1996,11.6643
Uruguay,URY,1997,13.10711
Uruguay,URY,1998,14.95599
Uruguay,URY,1999,12.64637
Uruguay,URY,2000,15.65417
Uruguay,URY,2001,13.93055
Uruguay,URY,2002,15.70864
Uruguay,URY,2004,14.53727
Uruguay,URY,2005,14.53727
Uzbekistan,UZB,1981,9.733695
Uzbekistan,UZB,1982,9.309304
Uzbekistan,UZB,1985,11.09545
Uzbekistan,UZB,1986,9.964867
Uzbekistan,UZB,1987,9.257269
Uzbekistan,UZB,1988,8.481731
Uzbekistan,UZB,1989,10.02346
Uzbekistan,UZB,1990,9.491693
Uzbekistan,UZB,1991,8.909372
Uzbekistan,UZB,1992,7.86002
Uzbekistan,UZB,1993,8.021069
Uzbekistan,UZB,1994,8.264799
Uzbekistan,UZB,1995,8.701978
Uzbekistan,UZB,1996,9.523588
Uzbekistan,UZB,1997,8.36826
Uzbekistan,UZB,1998,8.326845
Uzbekistan,UZB,1999,8.866324
Uzbekistan,UZB,2000,9.197172
Uzbekistan,UZB,2001,8.772025
Uzbekistan,UZB,2002,7.033736
Uzbekistan,UZB,2003,6.274282
Uzbekistan,UZB,2004,5.342295
Uzbekistan,UZB,2005,5.21372
Vanuatu,VUT,2002,5.110844
Vanuatu,VUT,2004,4.983421803
Vanuatu,VUT,2005,4.983421803
Venezuela,VEN,1955,7.14124
Venezuela,VEN,1956,7.792184
Venezuela,VEN,1957,6.423306
Venezuela,VEN,1958,7.789601
Venezuela,VEN,1959,7.69146
Venezuela,VEN,1960,7.849769
Venezuela,VEN,1961,7.561757
Venezuela,VEN,1962,7.471539
Venezuela,VEN,1963,7.585801
Venezuela,VEN,1964,8.17251
Venezuela,VEN,1965,8.598449
Venezuela,VEN,1966,9.177765
Venezuela,VEN,1967,8.547078
Venezuela,VEN,1968,8.210797
Venezuela,VEN,1969,9.791901
Venezuela,VEN,1970,9.390052
Venezuela,VEN,1971,8.793551
Venezuela,VEN,1972,8.417902
Venezuela,VEN,1973,7.924212
Venezuela,VEN,1974,6.534744
Venezuela,VEN,1975,7.114197
Venezuela,VEN,1976,6.174378
Venezuela,VEN,1977,5.967803
Venezuela,VEN,1978,6.4884
Venezuela,VEN,1979,5.365818
Venezuela,VEN,1980,6.61136
Venezuela,VEN,1981,5.703158
Venezuela,VEN,1982,5.701323
Venezuela,VEN,1983,6.289893
Venezuela,VEN,1985,6.141409
Venezuela,VEN,1986,5.938706
Venezuela,VEN,1987,5.381944
Venezuela,VEN,1988,5.791884
Venezuela,VEN,1989,5.940796
Venezuela,VEN,1990,6.218685
Venezuela,VEN,1992,5.750973
Venezuela,VEN,1993,5.565638
Venezuela,VEN,1994,6.085864
Venezuela,VEN,1996,5.279428
Venezuela,VEN,1997,5.358896
Venezuela,VEN,1998,5.531254
Venezuela,VEN,1999,5.877512
Venezuela,VEN,2000,5.88542
Venezuela,VEN,2001,6.180861
Venezuela,VEN,2002,5.707862
Venezuela,VEN,2003,4.958583
Venezuela,VEN,2004,4.333949
Venezuela,VEN,2005,4.11962
Vietnam,VNM,2002,13.01493
Vietnam,VNM,2004,11.65332222
Vietnam,VNM,2005,11.65332222
West Germany,OWID_GFR,1952,15.98879
West Germany,OWID_GFR,1953,16.45997
West Germany,OWID_GFR,1954,17.54097
West Germany,OWID_GFR,1955,17.21597
West Germany,OWID_GFR,1956,16.75506
West Germany,OWID_GFR,1957,16.41118
West Germany,OWID_GFR,1958,16.91541
West Germany,OWID_GFR,1959,16.6044
West Germany,OWID_GFR,1960,16.64503
West Germany,OWID_GFR,1961,16.63643
West Germany,OWID_GFR,1962,16.25881
West Germany,OWID_GFR,1963,17.07545
West Germany,OWID_GFR,1964,17.78603
West Germany,OWID_GFR,1965,17.56664
West Germany,OWID_GFR,1966,18.11726
West Germany,OWID_GFR,1967,19.04104
West Germany,OWID_GFR,1968,18.43233
West Germany,OWID_GFR,1969,18.76726
West Germany,OWID_GFR,1970,19.28542
West Germany,OWID_GFR,1971,18.78127
West Germany,OWID_GFR,1972,17.86193
West Germany,OWID_GFR,1973,18.55032
West Germany,OWID_GFR,1974,18.67815
West Germany,OWID_GFR,1975,18.54281
West Germany,OWID_GFR,1976,19.20442
West Germany,OWID_GFR,1977,19.99766
West Germany,OWID_GFR,1978,19.3982
West Germany,OWID_GFR,1979,18.42284
West Germany,OWID_GFR,1980,17.60207
West Germany,OWID_GFR,1981,18.31943
West Germany,OWID_GFR,1982,17.97009
West Germany,OWID_GFR,1983,17.64894
West Germany,OWID_GFR,1984,16.74963
West Germany,OWID_GFR,1985,16.78816
West Germany,OWID_GFR,1986,15.23791
West Germany,OWID_GFR,1987,15.04291
West Germany,OWID_GFR,1988,13.80855
West Germany,OWID_GFR,1989,12.87626
West Germany,OWID_GFR,1990,12.3628
Yemen,YEM,2002,6.133051
Yemen,YEM,2004,6.265789032
Yemen,YEM,2005,6.265789032
Yugoslavia,OWID_YGS,1968,13.30024
Yugoslavia,OWID_YGS,1969,14.44645
Yugoslavia,OWID_YGS,1978,13.64939
Yugoslavia,OWID_YGS,1979,13.78863
Yugoslavia,OWID_YGS,1980,14.17751
Yugoslavia,OWID_YGS,1981,15.06392
Yugoslavia,OWID_YGS,1982,15.32374
Yugoslavia,OWID_YGS,1983,15.27492
Yugoslavia,OWID_YGS,1984,15.4428
Yugoslavia,OWID_YGS,1985,14.96809
Yugoslavia,OWID_YGS,1986,14.86173
Yugoslavia,OWID_YGS,1987,15.85673
Yugoslavia,OWID_YGS,1988,14.99939
Yugoslavia,OWID_YGS,1989,15.04852
Yugoslavia,OWID_YGS,1990,13.88089
Zambia,ZMB,2002,6.079987
Zambia,ZMB,2004,12.01903629
Zambia,ZMB,2005,12.01903629
Zimbabwe,ZWE,2002,7.541058
Zimbabwe,ZWE,2004,13.90526676
Zimbabwe,ZWE,2005,13.90526676